"session_id"	"requested_variants"	"run_index"	"submitted_at_ist"	"status"	"genome"	"variant_count"	"annotated_count"	"vcf_hash"	"error_message"	"celery_task_id"	"queue_name"	"from_cache"	"created_at"	"queued_at"	"started_at"	"completed_at"	"expires_at"	"internal_duration_sec"
319ad9bc-21f3-45a8-b41b-f53312522e04	300000	0	2026-04-06 11:35:43 IST	complete	hg19	300000	279757			e110a9d8-cf7b-4ee2-b0fb-9dfaba29e915	large	false	2026-04-06 11:35:43 IST		2026-04-06 11:35:43 IST	2026-04-06 11:36:50 IST	2026-04-07T11:35:43+05:30	67
8667652f-7ed9-4b7d-88fc-7411eafc354b	300000	1	2026-04-06 11:35:44 IST	complete	hg19	300000	279757			cd80f317-d158-4c7f-8de3-754cdd54c32d	large	false	2026-04-06 11:35:44 IST		2026-04-06 11:35:44 IST	2026-04-06 11:37:42 IST	2026-04-07T11:35:44+05:30	118
18debfd8-1adf-4f92-b3af-de75bbd1e878	300000	2	2026-04-06 11:35:45 IST	complete	hg19	300000	279757			8270577f-915c-4f16-b9e3-adf98abb0c32	large	false	2026-04-06 11:35:44 IST		2026-04-06 11:35:45 IST	2026-04-06 11:37:49 IST	2026-04-07T11:35:44+05:30	124
d7d78402-e9e1-494f-ae7e-cd5d43c6a553	300000	3	2026-04-06 11:35:45 IST	complete	hg19	300000	279757			4d234008-477f-4f72-baae-2517f3b510c3	large	false	2026-04-06 11:35:45 IST		2026-04-06 11:35:45 IST	2026-04-06 11:38:34 IST	2026-04-07T11:35:45+05:30	169
797b6fca-a684-4baa-a3f3-44bd91972a5f	300000	4	2026-04-06 11:35:46 IST	complete	hg19	300000	279757			be31bffa-563d-4e38-89a3-933820597f2e	large	false	2026-04-06 11:35:46 IST		2026-04-06 11:35:46 IST	2026-04-06 11:38:42 IST	2026-04-07T11:35:46+05:30	176
71048ddd-b96b-473c-aac3-a607a8c8ee92	300000	5	2026-04-06 11:35:47 IST	complete	hg19	300000	279757			0e7eaf64-c3c3-4d0f-9294-294ca8718f37	large	false	2026-04-06 11:35:47 IST		2026-04-06 11:35:47 IST	2026-04-06 11:39:23 IST	2026-04-07T11:35:47+05:30	216
16726c73-faa2-4324-be64-cb73b6737b86	300000	6	2026-04-06 11:35:47 IST	complete	hg19	300000	279757			36a4fd44-48a9-4afa-8f67-e59ba4660a15	large	false	2026-04-06 11:35:47 IST		2026-04-06 11:35:47 IST	2026-04-06 11:39:59 IST	2026-04-07T11:35:47+05:30	252
b6cf568d-e293-4496-b0dc-5b4b011db155	300000	7	2026-04-06 11:35:48 IST	complete	hg19	300000	279757			12b8ee21-053e-43bf-bf58-3a9b0265d095	large	false	2026-04-06 11:35:48 IST		2026-04-06 11:35:48 IST	2026-04-06 11:40:10 IST	2026-04-07T11:35:48+05:30	262
fc4df266-ea9c-4db4-963e-debfaee554e2	300000	8	2026-04-06 11:35:49 IST	complete	hg19	300000	279757			8bf33982-1556-49bf-abdb-9dce33143922	large	false	2026-04-06 11:35:49 IST		2026-04-06 11:35:49 IST	2026-04-06 11:40:54 IST	2026-04-07T11:35:49+05:30	305
34d084d9-e49b-4a63-be81-7bc93ea55edc	300000	9	2026-04-06 11:35:50 IST	complete	hg19	300000	279757			7de9d1cb-40ef-4524-98fa-628a61ee408f	large	false	2026-04-06 11:35:50 IST		2026-04-06 11:35:50 IST	2026-04-06 11:41:13 IST	2026-04-07T11:35:50+05:30	323
f87e2eae-83d6-4ae4-a72d-e12591e274df	300000	10	2026-04-06 11:35:50 IST	complete	hg19	300000	279757			a374aad9-da91-4c3a-8077-8ff8643e8f4c	large	false	2026-04-06 11:35:50 IST		2026-04-06 11:35:50 IST	2026-04-06 11:41:46 IST	2026-04-07T11:35:50+05:30	356
bfd33356-89b2-4a78-a846-4a1436647d02	300000	11	2026-04-06 11:35:51 IST	complete	hg19	300000	279757			a3996292-eae4-4c21-9eb1-d8e7a4f8195e	large	false	2026-04-06 11:35:51 IST		2026-04-06 11:35:51 IST	2026-04-06 11:42:19 IST	2026-04-07T11:35:51+05:30	388
43d008bf-ee56-444e-a0a9-e46befc5796b	300000	12	2026-04-06 11:35:52 IST	complete	hg19	300000	279757			8389e254-1507-4be3-9b7e-8e649b86001d	large	false	2026-04-06 11:35:52 IST		2026-04-06 11:35:52 IST	2026-04-06 11:42:34 IST	2026-04-07T11:35:52+05:30	402
3ae8d27d-497f-4845-9035-0498d17c64d2	300000	13	2026-04-06 11:35:53 IST	complete	hg19	300000	279757			cff6f075-6b74-4b3c-bf1c-eeb39d20e9c0	large	false	2026-04-06 11:35:53 IST		2026-04-06 11:35:53 IST	2026-04-06 11:43:14 IST	2026-04-07T11:35:53+05:30	441
61f44e69-a93e-402a-92ca-0d61c88ba169	300000	14	2026-04-06 11:35:53 IST	complete	hg19	300000	279757			522f1780-27cb-46a2-90ef-7bb24430394c	large	false	2026-04-06 11:35:53 IST		2026-04-06 11:35:53 IST	2026-04-06 11:43:36 IST	2026-04-07T11:35:53+05:30	463
cd3ad904-7a5e-42d7-9c34-094fe3e33d88	500000	0	2026-04-06 11:35:55 IST	complete	hg19	500000	466277			2b63dc22-b681-4495-a519-5b8e57975114	large	false	2026-04-06 11:35:54 IST		2026-04-06 11:35:54 IST	2026-04-06 11:44:23 IST	2026-04-07T11:35:54+05:30	509
6d2341ab-8522-4c4b-a5e3-1668f3da20d9	500000	1	2026-04-06 11:35:56 IST	complete	hg19	500000	466277			1f343c17-74c3-49bb-9c83-eb448530ffce	large	false	2026-04-06 11:35:56 IST		2026-04-06 11:35:56 IST	2026-04-06 11:45:07 IST	2026-04-07T11:35:56+05:30	551
c3435005-2dad-423c-bec2-28ba3ce1d0b9	500000	2	2026-04-06 11:35:57 IST	complete	hg19	500000	466277			6e052f94-a87f-4b04-9b3e-9eee95097fae	large	false	2026-04-06 11:35:57 IST		2026-04-06 11:35:57 IST	2026-04-06 11:45:52 IST	2026-04-07T11:35:57+05:30	595
5eb78798-41db-43a0-b409-f0451a454865	500000	3	2026-04-06 11:35:58 IST	complete	hg19	500000	466277			ff1274f9-d76f-4a77-be3a-618f3c391f4b	large	false	2026-04-06 11:35:58 IST		2026-04-06 11:35:58 IST	2026-04-06 11:46:30 IST	2026-04-07T11:35:58+05:30	632
8fca6a50-e3dc-4e4e-b462-98a36796715a	500000	4	2026-04-06 11:35:59 IST	complete	hg19	500000	466277			2093fdc6-b218-4e88-99fe-898ed7311858	large	false	2026-04-06 11:35:59 IST		2026-04-06 11:35:59 IST	2026-04-06 11:47:35 IST	2026-04-07T11:35:59+05:30	696
03b7bd88-d0c9-456c-843e-05148a114a50	1500	0	2026-04-06 11:36:11 IST	complete	hg19	1500	1401			0b8e30aa-a9a9-4d64-acef-3321778ef733	small	false	2026-04-06 11:36:11 IST		2026-04-06 11:36:11 IST	2026-04-06 11:36:19 IST	2026-04-07T11:36:11+05:30	8
2431bb7d-a622-41de-b190-70d24174a1a8	1500	1	2026-04-06 11:36:11 IST	complete	hg19	1500	1401			2505a5dd-aa6b-4b5f-98d9-7cc4f7089b94	small	false	2026-04-06 11:36:11 IST		2026-04-06 11:36:11 IST	2026-04-06 11:36:18 IST	2026-04-07T11:36:11+05:30	7
70110c64-2378-458f-8947-b61b3d6c7072	1500	2	2026-04-06 11:36:11 IST	complete	hg19	1500	1401			688c385f-1298-447b-98aa-1bb4038efbf8	small	false	2026-04-06 11:36:11 IST		2026-04-06 11:36:11 IST	2026-04-06 11:36:18 IST	2026-04-07T11:36:11+05:30	7
5b91bf4e-1a7b-4a3e-bfdb-d1b373b9ebea	1500	3	2026-04-06 11:36:11 IST	complete	hg19	1500	1401			09eb869f-e3e0-44de-9c99-a7a62563d843	small	false	2026-04-06 11:36:11 IST		2026-04-06 11:36:11 IST	2026-04-06 11:36:18 IST	2026-04-07T11:36:11+05:30	7
4011f316-943b-4fc6-8d5d-abd6f8ed732c	1500	4	2026-04-06 11:36:12 IST	complete	hg19	1500	1401				small	false	2026-04-06 11:36:11 IST		2026-04-06 11:36:12 IST	2026-04-06 11:36:18 IST	2026-04-07T11:36:11+05:30	6
490a2831-0551-4448-828c-b027eec23ad6	1500	5	2026-04-06 11:36:12 IST	complete	hg19	1500	1401			521a8459-8c3e-4ed8-8014-4dab4b4ad525	small	false	2026-04-06 11:36:12 IST		2026-04-06 11:36:12 IST	2026-04-06 11:36:19 IST	2026-04-07T11:36:12+05:30	7
654d3d90-a5cf-43ce-9651-002f648fa13b	1500	6	2026-04-06 11:36:12 IST	complete	hg19	1500	1401				small	false	2026-04-06 11:36:12 IST		2026-04-06 11:36:12 IST	2026-04-06 11:36:19 IST	2026-04-07T11:36:12+05:30	7
ea63eb7e-b70f-4443-af9d-ef2fba144005	1500	7	2026-04-06 11:36:12 IST	complete	hg19	1500	1401			b23601c6-d66f-4c56-ab92-06df3e40a849	small	false	2026-04-06 11:36:12 IST		2026-04-06 11:36:12 IST	2026-04-06 11:36:18 IST	2026-04-07T11:36:12+05:30	6
71a96c37-ef16-4b89-b063-8a57282d8e16	1500	8	2026-04-06 11:36:12 IST	complete	hg19	1500	1401			958754d3-558a-4310-b9e1-8778ed6625e4	small	false	2026-04-06 11:36:12 IST		2026-04-06 11:36:12 IST	2026-04-06 11:36:19 IST	2026-04-07T11:36:12+05:30	7
d95a0056-29ab-4bd4-bd53-e6d79a2634c9	1500	9	2026-04-06 11:36:12 IST	complete	hg19	1500	1401			32bda707-7ba3-43bf-826e-5adbcb46162c	small	false	2026-04-06 11:36:12 IST		2026-04-06 11:36:12 IST	2026-04-06 11:36:19 IST	2026-04-07T11:36:12+05:30	7
284b5e86-3055-45d8-af1c-77b302d0fef6	1500	10	2026-04-06 11:36:12 IST	complete	hg19	1500	1401			4f0d5257-33e2-4098-bfce-4870a4a83a37	small	false	2026-04-06 11:36:12 IST		2026-04-06 11:36:12 IST	2026-04-06 11:36:22 IST	2026-04-07T11:36:12+05:30	10
550ab836-76d1-47b0-a242-a00b997937c4	1500	11	2026-04-06 11:36:12 IST	complete	hg19	1500	1401			6864bf01-36fd-41ce-aec1-7230e77fa524	small	false	2026-04-06 11:36:12 IST		2026-04-06 11:36:12 IST	2026-04-06 11:36:23 IST	2026-04-07T11:36:12+05:30	11
a28dc763-e5a1-49c0-b683-baccba53739b	1500	12	2026-04-06 11:36:12 IST	complete	hg19	1500	1401				small	false	2026-04-06 11:36:12 IST		2026-04-06 11:36:12 IST	2026-04-06 11:36:25 IST	2026-04-07T11:36:12+05:30	13
ae99aa1d-96c6-4562-a352-089f75b36ee3	1500	13	2026-04-06 11:36:12 IST	complete	hg19	1500	1401			4af5cd3b-7cdb-427e-a6c5-d100393d306a	small	false	2026-04-06 11:36:12 IST		2026-04-06 11:36:12 IST	2026-04-06 11:36:25 IST	2026-04-07T11:36:12+05:30	13
be92c666-14a1-4fe7-a1f4-5fc6eeb7a82f	1500	14	2026-04-06 11:36:12 IST	complete	hg19	1500	1401			d8a97f20-9925-4872-aaee-07bd6815d56f	small	false	2026-04-06 11:36:12 IST		2026-04-06 11:36:12 IST	2026-04-06 11:36:24 IST	2026-04-07T11:36:12+05:30	12
eafc2f5e-f8d9-443f-8b75-e2a050171e04	2000	0	2026-04-06 11:36:18 IST	complete	hg19	2000	1866			7b2d7fad-8083-4a2d-b77f-59353ab5f860	small	false	2026-04-06 11:36:18 IST		2026-04-06 11:36:18 IST	2026-04-06 11:36:28 IST	2026-04-07T11:36:18+05:30	10
d0a9d900-1879-4adc-9504-c975bb5eb1fd	2000	1	2026-04-06 11:36:18 IST	complete	hg19	2000	1866				small	false	2026-04-06 11:36:18 IST		2026-04-06 11:36:18 IST	2026-04-06 11:36:28 IST	2026-04-07T11:36:18+05:30	10
feb3d252-0e1a-448f-8d5b-2e965e16e9d6	2000	2	2026-04-06 11:36:18 IST	complete	hg19	2000	1866			ccd40e02-1297-43ac-a7fe-9738eb6fe41e	small	false	2026-04-06 11:36:18 IST		2026-04-06 11:36:18 IST	2026-04-06 11:36:28 IST	2026-04-07T11:36:18+05:30	10
921e33dd-242b-4b10-b82c-29cc28cb1099	2000	3	2026-04-06 11:36:18 IST	complete	hg19	2000	1866			e0c6948b-1bf0-4897-b8d5-777d7052a007	small	false	2026-04-06 11:36:18 IST		2026-04-06 11:36:18 IST	2026-04-06 11:36:28 IST	2026-04-07T11:36:18+05:30	10
8e5cabcc-3e0c-4a18-a77e-1fd107267473	2000	4	2026-04-06 11:36:18 IST	complete	hg19	2000	1866			fa084300-b637-4c4f-937c-a76650cdee51	small	false	2026-04-06 11:36:18 IST		2026-04-06 11:36:18 IST	2026-04-06 11:36:29 IST	2026-04-07T11:36:18+05:30	11
453e8e7f-7eb4-4aa4-a1db-7eff4768a28c	2000	5	2026-04-06 11:36:18 IST	complete	hg19	2000	1866			53f8297e-b64f-46af-bc93-75d58ae15dad	small	false	2026-04-06 11:36:18 IST		2026-04-06 11:36:18 IST	2026-04-06 11:36:29 IST	2026-04-07T11:36:18+05:30	11
20f47717-505f-4f69-9364-d2750eb5dc32	2000	6	2026-04-06 11:36:18 IST	complete	hg19	2000	1866			4c9b1d7e-e2ba-4fa4-9a38-3fdc63357a7a	small	false	2026-04-06 11:36:18 IST		2026-04-06 11:36:18 IST	2026-04-06 11:36:30 IST	2026-04-07T11:36:18+05:30	12
d479d207-91ff-436c-8572-201aad9e1be2	2000	7	2026-04-06 11:36:18 IST	complete	hg19	2000	1866			b5e27731-6886-4736-b43b-21c3a3c5e445	small	false	2026-04-06 11:36:18 IST		2026-04-06 11:36:18 IST	2026-04-06 11:36:31 IST	2026-04-07T11:36:18+05:30	13
03455f29-2d44-46b5-8616-4bd37d693ce7	2000	8	2026-04-06 11:36:18 IST	complete	hg19	2000	1866			63bd2b51-14ae-42cd-b4d7-65d686f70a3d	small	false	2026-04-06 11:36:18 IST		2026-04-06 11:36:18 IST	2026-04-06 11:36:32 IST	2026-04-07T11:36:18+05:30	14
7a27718e-6ce5-4e00-95ab-58f66a671ecf	2000	9	2026-04-06 11:36:19 IST	complete	hg19	2000	1866				small	false	2026-04-06 11:36:19 IST		2026-04-06 11:36:19 IST	2026-04-06 11:36:32 IST	2026-04-07T11:36:19+05:30	13
537fe69f-d1c1-4fb7-b4f9-79ecd610c9d6	2000	10	2026-04-06 11:36:19 IST	complete	hg19	2000	1866			4270e75c-f829-4e6f-8ff1-f8cc6729db67	small	false	2026-04-06 11:36:19 IST		2026-04-06 11:36:19 IST	2026-04-06 11:36:34 IST	2026-04-07T11:36:19+05:30	15
3ca54c6d-7805-45e5-a0ef-dbafbb0ce585	2000	11	2026-04-06 11:36:19 IST	complete	hg19	2000	1866			9df431e9-9858-4bbd-896b-47b90b5198bf	small	false	2026-04-06 11:36:19 IST		2026-04-06 11:36:19 IST	2026-04-06 11:36:35 IST	2026-04-07T11:36:19+05:30	16
ae798ac9-5262-46cc-9c60-5b351343cf21	2000	12	2026-04-06 11:36:19 IST	complete	hg19	2000	1866			7f50d974-4442-4c1a-a11c-294e06f1b4db	small	false	2026-04-06 11:36:19 IST		2026-04-06 11:36:19 IST	2026-04-06 11:36:35 IST	2026-04-07T11:36:19+05:30	16
c3c7ca45-f693-4de4-be0f-9f860a674e74	2000	13	2026-04-06 11:36:19 IST	complete	hg19	2000	1866			763ac950-9c40-4ded-a258-877950238400	small	false	2026-04-06 11:36:19 IST		2026-04-06 11:36:19 IST	2026-04-06 11:36:35 IST	2026-04-07T11:36:19+05:30	16
0186322c-b724-4029-a4b1-405070f2c4fe	2000	14	2026-04-06 11:36:19 IST	complete	hg19	2000	1866			99544b0e-7f7d-4e34-8b9e-930ac7a189d5	small	false	2026-04-06 11:36:19 IST		2026-04-06 11:36:19 IST	2026-04-06 11:36:35 IST	2026-04-07T11:36:19+05:30	16
9360fac3-e08f-45ec-91e7-119d18e42848	5000	0	2026-04-06 11:36:19 IST	complete	hg19	5000	4669			6d4dcbbe-3cf3-4175-842f-06a79a2cc4b9	small	false	2026-04-06 11:36:19 IST		2026-04-06 11:36:19 IST	2026-04-06 11:36:49 IST	2026-04-07T11:36:19+05:30	30
b3c6da08-f8e6-4d18-ae55-44da690ed6ec	5000	1	2026-04-06 11:36:19 IST	complete	hg19	5000	4669			1ecd38d6-b7c1-41ec-b4f9-af414e7a1f5c	small	false	2026-04-06 11:36:19 IST		2026-04-06 11:36:19 IST	2026-04-06 11:36:50 IST	2026-04-07T11:36:19+05:30	31
0f9df8c7-70b9-471b-9303-3936dc3bb0ac	5000	2	2026-04-06 11:36:19 IST	complete	hg19	5000	4669			cfd6977f-f1e6-4cfc-b142-0e3b757d837c	small	false	2026-04-06 11:36:19 IST		2026-04-06 11:36:19 IST	2026-04-06 11:36:50 IST	2026-04-07T11:36:19+05:30	31
82edd0ad-a0f0-4a6c-b52c-225ce534fdbe	5000	3	2026-04-06 11:36:19 IST	complete	hg19	5000	4669			1eac572e-48ce-4a55-a9af-7c1494c98881	small	false	2026-04-06 11:36:19 IST		2026-04-06 11:36:19 IST	2026-04-06 11:36:48 IST	2026-04-07T11:36:19+05:30	29
05b109ba-b974-48f5-950f-d8d1f81fb76d	5000	4	2026-04-06 11:36:19 IST	complete	hg19	5000	4669			49e63b09-8cf0-44fa-9705-014beaa1555b	small	false	2026-04-06 11:36:19 IST		2026-04-06 11:36:19 IST	2026-04-06 11:36:50 IST	2026-04-07T11:36:19+05:30	31
adfa8a8f-6cae-4551-8a9b-2bc7dac035a3	5000	5	2026-04-06 11:36:19 IST	complete	hg19	5000	4669				small	false	2026-04-06 11:36:19 IST		2026-04-06 11:36:19 IST	2026-04-06 11:36:51 IST	2026-04-07T11:36:19+05:30	32
dd438706-8bd2-45c2-b1ac-9ad5eac8a98c	5000	6	2026-04-06 11:36:19 IST	complete	hg19	5000	4669			8e55f74b-881e-4723-a628-6c91622a2c3e	small	false	2026-04-06 11:36:19 IST		2026-04-06 11:36:19 IST	2026-04-06 11:36:51 IST	2026-04-07T11:36:19+05:30	32
51f2b1c1-ed7f-49f9-baf5-08793510a38a	5000	7	2026-04-06 11:36:19 IST	complete	hg19	5000	4669				small	false	2026-04-06 11:36:19 IST		2026-04-06 11:36:19 IST	2026-04-06 11:36:51 IST	2026-04-07T11:36:19+05:30	32
554e20e6-731e-44f0-a1d2-be9dffaf868e	5000	8	2026-04-06 11:36:19 IST	complete	hg19	5000	4669			8055edca-d70e-43f8-b228-9050912cd4af	small	false	2026-04-06 11:36:19 IST		2026-04-06 11:36:19 IST	2026-04-06 11:36:51 IST	2026-04-07T11:36:19+05:30	32
fb669341-bc30-4ae8-aed0-01bb781d538e	5000	9	2026-04-06 11:36:20 IST	complete	hg19	5000	4669			70ba7fe3-127e-4f01-92a2-1f730b80bdb6	small	false	2026-04-06 11:36:19 IST		2026-04-06 11:36:20 IST	2026-04-06 11:36:51 IST	2026-04-07T11:36:19+05:30	31
e382f816-fedf-459f-8fd3-bbd01f75aad9	5000	10	2026-04-06 11:36:20 IST	complete	hg19	5000	4669			433d7af3-0c28-4623-96f8-6e93f3388224	small	false	2026-04-06 11:36:20 IST		2026-04-06 11:36:20 IST	2026-04-06 11:37:02 IST	2026-04-07T11:36:20+05:30	42
628b0405-22de-41c4-aff5-c5b7cdfff2dd	5000	11	2026-04-06 11:36:20 IST	complete	hg19	5000	4669				small	false	2026-04-06 11:36:20 IST		2026-04-06 11:36:20 IST	2026-04-06 11:37:03 IST	2026-04-07T11:36:20+05:30	43
c7cccb4b-2176-499b-a30d-68a78aae4b5c	5000	12	2026-04-06 11:36:20 IST	complete	hg19	5000	4669			d1c1af2d-defa-4339-a4ba-9899b8431c7b	small	false	2026-04-06 11:36:20 IST		2026-04-06 11:36:20 IST	2026-04-06 11:37:03 IST	2026-04-07T11:36:20+05:30	43
ff901c36-4b23-44d2-bcda-af3b5a7f5dda	5000	13	2026-04-06 11:36:20 IST	complete	hg19	5000	4669			f937c7b7-1876-4860-94a0-dacb941b5b69	small	false	2026-04-06 11:36:20 IST		2026-04-06 11:36:20 IST	2026-04-06 11:37:04 IST	2026-04-07T11:36:20+05:30	44
e236ae3e-97b6-4ebb-9809-2e3448231753	5000	14	2026-04-06 11:36:20 IST	complete	hg19	5000	4669			f0a6ebf5-de81-40a1-9be0-261580659e50	small	false	2026-04-06 11:36:20 IST		2026-04-06 11:36:20 IST	2026-04-06 11:37:04 IST	2026-04-07T11:36:20+05:30	44
ae60fa55-2a28-4cf7-b1a9-b4be85f0a1bf	1000	0	2026-04-06 11:36:20 IST	complete	hg19	1000	927			e1acf6ba-9971-4016-a4b9-1853a15dd299	small	false	2026-04-06 11:36:20 IST		2026-04-06 11:36:20 IST	2026-04-06 11:36:54 IST	2026-04-07T11:36:20+05:30	34
7612edb6-cf7e-4c19-960d-256293d59186	1000	1	2026-04-06 11:36:20 IST	complete	hg19	1000	927			8d0eeec6-b3aa-4703-bcf8-ea2ab76cff2a	small	false	2026-04-06 11:36:20 IST		2026-04-06 11:36:20 IST	2026-04-06 11:36:55 IST	2026-04-07T11:36:20+05:30	35
de474481-c55f-4b03-b7eb-797cee84eb79	1000	2	2026-04-06 11:36:20 IST	complete	hg19	1000	927			3130b131-7b1e-41c3-967f-c12162362350	small	false	2026-04-06 11:36:20 IST		2026-04-06 11:36:20 IST	2026-04-06 11:36:55 IST	2026-04-07T11:36:20+05:30	35
5ec118e5-4530-4505-97f4-251df47130f8	1000	3	2026-04-06 11:36:20 IST	complete	hg19	1000	927			ff59723f-c897-4303-8b4d-4a31254dfa47	small	false	2026-04-06 11:36:20 IST		2026-04-06 11:36:20 IST	2026-04-06 11:36:55 IST	2026-04-07T11:36:20+05:30	35
bc3cf620-2037-4d00-8a8c-cd99f06aa8d6	1000	4	2026-04-06 11:36:20 IST	complete	hg19	1000	927			de74cb47-8467-4c14-9347-41a6d6f26783	small	false	2026-04-06 11:36:20 IST		2026-04-06 11:36:20 IST	2026-04-06 11:36:55 IST	2026-04-07T11:36:20+05:30	35
67478f05-b212-41d8-9a8d-51585c6130c1	1000	5	2026-04-06 11:36:20 IST	complete	hg19	1000	927			31a7daf5-2b39-4f35-a67e-ce0113b303f4	small	false	2026-04-06 11:36:20 IST		2026-04-06 11:36:20 IST	2026-04-06 11:36:58 IST	2026-04-07T11:36:20+05:30	38
ebc53709-115c-414f-a1c8-f1596f036ae7	1000	6	2026-04-06 11:36:20 IST	complete	hg19	1000	927			af29be5b-1413-4abc-9737-763ebc69c420	small	false	2026-04-06 11:36:20 IST		2026-04-06 11:36:20 IST	2026-04-06 11:36:59 IST	2026-04-07T11:36:20+05:30	39
804b99eb-535f-49fd-9be4-8920c69dd8eb	1000	7	2026-04-06 11:36:20 IST	complete	hg19	1000	927			23d51e91-4b13-4e08-954e-6e9e951fce76	small	false	2026-04-06 11:36:20 IST		2026-04-06 11:36:20 IST	2026-04-06 11:36:59 IST	2026-04-07T11:36:20+05:30	39
22b36aa2-1e53-492f-8318-5cd0446892b1	1000	8	2026-04-06 11:36:20 IST	complete	hg19	1000	927			e0d58be3-064c-4b7f-9065-5d40995564b0	small	false	2026-04-06 11:36:20 IST		2026-04-06 11:36:20 IST	2026-04-06 11:36:59 IST	2026-04-07T11:36:20+05:30	39
31984f88-9ce2-47c3-8a38-91ed384eaed4	1000	9	2026-04-06 11:36:20 IST	complete	hg19	1000	927			89d739be-0f77-4512-b863-d3dd26fc55cd	small	false	2026-04-06 11:36:20 IST		2026-04-06 11:36:20 IST	2026-04-06 11:36:59 IST	2026-04-07T11:36:20+05:30	39
5c19dfaa-aac1-4961-aba8-a2ad5fe29244	1000	10	2026-04-06 11:36:20 IST	complete	hg19	1000	927			71dca859-c570-4307-bf96-41f0e16d0580	small	false	2026-04-06 11:36:20 IST		2026-04-06 11:36:20 IST	2026-04-06 11:37:02 IST	2026-04-07T11:36:20+05:30	42
3cc01eb1-4428-47a0-a700-e8277f1e37de	1000	11	2026-04-06 11:36:20 IST	complete	hg19	1000	927				small	false	2026-04-06 11:36:20 IST		2026-04-06 11:36:20 IST	2026-04-06 11:37:02 IST	2026-04-07T11:36:20+05:30	42
d0db85ea-45aa-4943-90d2-d29e7ad990ad	1000	12	2026-04-06 11:36:20 IST	complete	hg19	1000	927			d5d0b469-7aec-462d-84b9-49c4a63f1e51	small	false	2026-04-06 11:36:20 IST		2026-04-06 11:36:20 IST	2026-04-06 11:37:03 IST	2026-04-07T11:36:20+05:30	43
8ceabf09-2d9c-44b3-bb2f-28240de454f5	1000	13	2026-04-06 11:36:20 IST	complete	hg19	1000	927			30accbeb-d978-4dd8-bacf-cf440f2e2781	small	false	2026-04-06 11:36:20 IST		2026-04-06 11:36:20 IST	2026-04-06 11:37:02 IST	2026-04-07T11:36:20+05:30	42
1a9d3a40-e27a-426e-99f8-fba7cceb458a	1000	14	2026-04-06 11:36:20 IST	complete	hg19	1000	927			52c17004-e069-46db-815f-798b4bd22b4f	small	false	2026-04-06 11:36:20 IST		2026-04-06 11:36:20 IST	2026-04-06 11:37:03 IST	2026-04-07T11:36:20+05:30	43
6bf85cf0-6421-4f06-a065-d36366814cd3	10000	0	2026-04-06 11:46:28 IST	complete	hg19	10000	9341			2806fdb0-a72b-47c3-88a4-b39112e89593	small	false	2026-04-06 11:46:28 IST		2026-04-06 11:46:28 IST	2026-04-06 11:47:05 IST	2026-04-07T11:46:28+05:30	37
e04dd98d-cc8b-4936-9395-75636e8f1751	10000	1	2026-04-06 11:46:28 IST	complete	hg19	10000	9341			99f01f6d-8b90-4464-a911-e450f013ec90	small	false	2026-04-06 11:46:28 IST		2026-04-06 11:46:28 IST	2026-04-06 11:47:05 IST	2026-04-07T11:46:28+05:30	37
bff3e6bf-187c-4224-8d52-8b30e5054e77	10000	2	2026-04-06 11:46:28 IST	complete	hg19	10000	9341			c51c589c-3db8-48cd-8dc8-cc7021f25e62	small	false	2026-04-06 11:46:28 IST		2026-04-06 11:46:28 IST	2026-04-06 11:47:06 IST	2026-04-07T11:46:28+05:30	38
f2311995-f01c-4a09-88db-35e0d0a48567	10000	3	2026-04-06 11:46:28 IST	complete	hg19	10000	9341			0df2369a-43d1-460c-8b1a-115bd9234645	small	false	2026-04-06 11:46:28 IST		2026-04-06 11:46:28 IST	2026-04-06 11:47:06 IST	2026-04-07T11:46:28+05:30	38
68ab7b38-39f2-4053-90e8-72834c2ab320	10000	4	2026-04-06 11:46:29 IST	complete	hg19	10000	9341			48f4d378-28c6-49c4-8bab-66b1db31d06d	small	false	2026-04-06 11:46:29 IST		2026-04-06 11:46:29 IST	2026-04-06 11:47:07 IST	2026-04-07T11:46:29+05:30	38
09aaad2f-1c5f-4971-a691-e77deaf3f0d2	10000	5	2026-04-06 11:46:29 IST	complete	hg19	10000	9341				small	false	2026-04-06 11:46:29 IST		2026-04-06 11:46:29 IST	2026-04-06 11:47:07 IST	2026-04-07T11:46:29+05:30	38
de7b0021-b465-43bb-a3a5-67a3a7960f6c	10000	6	2026-04-06 11:46:29 IST	complete	hg19	10000	9341			ff151f24-73c7-4b4c-8c7a-5adabfd8d468	small	false	2026-04-06 11:46:29 IST		2026-04-06 11:46:29 IST	2026-04-06 11:47:05 IST	2026-04-07T11:46:29+05:30	36
fad60468-37a6-40f1-b7a8-13b1008255a7	10000	7	2026-04-06 11:46:29 IST	complete	hg19	10000	9341			598aa3d9-d91b-4566-b0a8-918793aa698b	small	false	2026-04-06 11:46:29 IST		2026-04-06 11:46:29 IST	2026-04-06 11:47:07 IST	2026-04-07T11:46:29+05:30	38
4d5ab2dd-a00b-46fc-be96-19efe13888b5	10000	8	2026-04-06 11:46:29 IST	complete	hg19	10000	9341				small	false	2026-04-06 11:46:29 IST		2026-04-06 11:46:29 IST	2026-04-06 11:47:08 IST	2026-04-07T11:46:29+05:30	39
38be2fcf-8a97-4f14-ac9e-164451902f9b	10000	9	2026-04-06 11:46:29 IST	complete	hg19	10000	9341			33aef200-6ecc-4e29-a0a8-5f94442f553d	small	false	2026-04-06 11:46:29 IST		2026-04-06 11:46:29 IST	2026-04-06 11:47:08 IST	2026-04-07T11:46:29+05:30	39
26528ae2-9ab0-4de2-baab-733ff7ad3d60	10000	10	2026-04-06 11:46:30 IST	complete	hg19	10000	9341			f528cce9-0a93-4332-ae24-6077663ac4b2	small	false	2026-04-06 11:46:29 IST		2026-04-06 11:46:29 IST	2026-04-06 11:47:31 IST	2026-04-07T11:46:29+05:30	62
9445d0e7-83a3-4d2c-8e3b-a35823e54108	10000	11	2026-04-06 11:46:30 IST	complete	hg19	10000	9341				small	false	2026-04-06 11:46:30 IST		2026-04-06 11:46:30 IST	2026-04-06 11:47:31 IST	2026-04-07T11:46:30+05:30	61
381d3994-d52d-436a-bbd7-4dd62b81adeb	10000	12	2026-04-06 11:46:30 IST	complete	hg19	10000	9341			6c38685d-29c3-4c7b-abc2-60adbbee14f5	small	false	2026-04-06 11:46:30 IST		2026-04-06 11:46:30 IST	2026-04-06 11:47:29 IST	2026-04-07T11:46:30+05:30	59
a54cc463-0b70-4ff2-953e-44d4250723f6	10000	13	2026-04-06 11:46:30 IST	complete	hg19	10000	9341				small	false	2026-04-06 11:46:30 IST		2026-04-06 11:46:30 IST	2026-04-06 11:47:36 IST	2026-04-07T11:46:30+05:30	66
1c4e1279-54a9-4e95-80e8-6c7de9da2ac9	10000	14	2026-04-06 11:46:30 IST	complete	hg19	10000	9341			795ecaf2-433a-465c-b7fd-94cc7b9d46c3	small	false	2026-04-06 11:46:30 IST		2026-04-06 11:46:30 IST	2026-04-06 11:47:34 IST	2026-04-07T11:46:30+05:30	64
6a5faa9f-e272-412c-8d9e-75de7750a036	20000	0	2026-04-06 11:46:30 IST	complete	hg19	20000	18624			91e39de6-5dee-4017-befa-e0f8a856d028	small	false	2026-04-06 11:46:30 IST		2026-04-06 11:46:30 IST	2026-04-06 11:47:58 IST	2026-04-07T11:46:30+05:30	88
77d1507b-4bc9-4794-a258-28217352a9b3	20000	1	2026-04-06 11:46:30 IST	complete	hg19	20000	18624			afbfec76-657d-4b9d-889d-b2bcd096cd86	small	false	2026-04-06 11:46:30 IST		2026-04-06 11:46:30 IST	2026-04-06 11:47:58 IST	2026-04-07T11:46:30+05:30	88
7c3a275f-f3d2-494d-8f77-9efdf799e715	20000	2	2026-04-06 11:46:31 IST	complete	hg19	20000	18624				small	false	2026-04-06 11:46:30 IST		2026-04-06 11:46:31 IST	2026-04-06 11:47:55 IST	2026-04-07T11:46:30+05:30	84
cd0a1b9f-744e-4e94-842d-702e4e835c1a	20000	3	2026-04-06 11:46:31 IST	complete	hg19	20000	18624			177292ff-6743-43a9-a9da-0c1372eb79e0	small	false	2026-04-06 11:46:31 IST		2026-04-06 11:46:31 IST	2026-04-06 11:47:58 IST	2026-04-07T11:46:31+05:30	87
d581fb8b-9741-4ca6-b9a2-0d9994f0ad7d	20000	4	2026-04-06 11:46:31 IST	complete	hg19	20000	18624			0e12c27b-7b48-433d-9093-6ee6a2620fb7	small	false	2026-04-06 11:46:31 IST		2026-04-06 11:46:31 IST	2026-04-06 11:47:56 IST	2026-04-07T11:46:31+05:30	85
63d63ba3-205d-4237-9d7c-fd428e71965f	20000	5	2026-04-06 11:46:31 IST	complete	hg19	20000	18624			834a1e12-c291-438b-9bae-42a90740ae18	small	false	2026-04-06 11:46:31 IST		2026-04-06 11:46:31 IST	2026-04-06 11:48:09 IST	2026-04-07T11:46:31+05:30	98
26998e45-8528-495f-b0fd-cfbdd41cdbc0	20000	6	2026-04-06 11:46:31 IST	complete	hg19	20000	18624			6a8333a7-30b6-4127-a663-be0e3c46a859	small	false	2026-04-06 11:46:31 IST		2026-04-06 11:46:31 IST	2026-04-06 11:48:10 IST	2026-04-07T11:46:31+05:30	99
556df1ab-1dae-42c7-a1de-c9f2b3ea236f	20000	7	2026-04-06 11:46:31 IST	complete	hg19	20000	18624				small	false	2026-04-06 11:46:31 IST		2026-04-06 11:46:31 IST	2026-04-06 11:48:08 IST	2026-04-07T11:46:31+05:30	97
32f88012-7732-4bdd-852f-d9d02659744a	20000	8	2026-04-06 11:46:32 IST	complete	hg19	20000	18624				small	false	2026-04-06 11:46:32 IST		2026-04-06 11:46:32 IST	2026-04-06 11:48:14 IST	2026-04-07T11:46:32+05:30	102
2da8f193-e15e-478b-9ec2-f1740c16264b	20000	9	2026-04-06 11:46:32 IST	complete	hg19	20000	18624			66f5afce-1f3a-4c21-81f1-a02c18cc71d1	small	false	2026-04-06 11:46:32 IST		2026-04-06 11:46:32 IST	2026-04-06 11:48:42 IST	2026-04-07T11:46:32+05:30	130
05efafa5-f3f4-48c2-b70c-9d2753c668ef	20000	10	2026-04-06 11:46:32 IST	complete	hg19	20000	18624			62adc666-2458-4120-975f-624acc9b9197	small	false	2026-04-06 11:46:32 IST		2026-04-06 11:46:32 IST	2026-04-06 11:48:20 IST	2026-04-07T11:46:32+05:30	108
443db2dc-ac7e-4f17-ae76-9cd8a1b40d7e	20000	11	2026-04-06 11:46:32 IST	complete	hg19	20000	18624				small	false	2026-04-06 11:46:32 IST		2026-04-06 11:46:32 IST	2026-04-06 11:48:44 IST	2026-04-07T11:46:32+05:30	132
968fb389-1fb1-4dfc-b12c-6bafdda14d4c	20000	12	2026-04-06 11:46:33 IST	complete	hg19	20000	18624				small	false	2026-04-06 11:46:33 IST		2026-04-06 11:46:33 IST	2026-04-06 11:48:40 IST	2026-04-07T11:46:33+05:30	127
b2c24e3a-8829-426f-803f-46676247eb88	20000	13	2026-04-06 11:46:33 IST	complete	hg19	20000	18624			43a21a26-a9e5-48fa-a21e-508b59ee25d4	small	false	2026-04-06 11:46:33 IST		2026-04-06 11:46:33 IST	2026-04-06 11:48:46 IST	2026-04-07T11:46:33+05:30	133
2d427be2-f173-476f-8d65-a2995b648dfb	500000	5	2026-04-06 11:36:00 IST	complete	hg19	500000	466277			3eb747c0-7937-41b6-9201-ee69e9918c3c	large	false	2026-04-06 11:36:00 IST		2026-04-06 11:36:00 IST	2026-04-06 11:48:49 IST	2026-04-07T11:36:00+05:30	769
37e5ebf2-3151-4c34-b638-1aad57c16205	500000	6	2026-04-06 11:36:02 IST	complete	hg19	500000	466277			0fc53492-df8e-4863-9b4d-b6f8d39dd75c	large	false	2026-04-06 11:36:02 IST		2026-04-06 11:36:02 IST	2026-04-06 11:50:07 IST	2026-04-07T11:36:02+05:30	845
4fe964a4-d7c3-4c81-a5c3-ee30a6f1fc3d	500000	7	2026-04-06 11:36:03 IST	complete	hg19	500000	466277			336d3136-b233-4009-b335-158a9c649b4c	large	false	2026-04-06 11:36:03 IST		2026-04-06 11:36:03 IST	2026-04-06 11:51:08 IST	2026-04-07T11:36:03+05:30	905
2f25f5f7-0afc-4980-a3e4-7d6be28c164c	500000	8	2026-04-06 11:36:04 IST	complete	hg19	500000	466277			7bbc2e67-96d1-4f5f-9bd8-59389d9764bc	large	false	2026-04-06 11:36:04 IST		2026-04-06 11:36:04 IST	2026-04-06 11:51:56 IST	2026-04-07T11:36:04+05:30	952
27970c1b-4395-4870-8974-ef09a861a078	500000	9	2026-04-06 11:36:05 IST	complete	hg19	500000	466277			ec66a555-553c-4ead-ade9-48d5db29639b	large	false	2026-04-06 11:36:05 IST		2026-04-06 11:36:05 IST	2026-04-06 11:52:35 IST	2026-04-07T11:36:05+05:30	990
6c448e34-f14c-4ee2-8714-46b1ff223c1b	500000	10	2026-04-06 11:36:06 IST	complete	hg19	500000	466277			bb5e8f62-a20d-4113-89f1-9e693864d4ae	large	false	2026-04-06 11:36:06 IST		2026-04-06 11:36:06 IST	2026-04-06 11:53:15 IST	2026-04-07T11:36:06+05:30	1029
2c823b36-c67d-4387-aa5d-437162a755b7	20000	14	2026-04-06 11:46:33 IST	complete	hg19	20000	18624			13c12b13-e20d-4f79-8b39-43c058d3f224	small	false	2026-04-06 11:46:33 IST		2026-04-06 11:46:33 IST	2026-04-06 11:48:46 IST	2026-04-07T11:46:33+05:30	133
7dba8146-ec4f-4b12-9ae0-d791afeaa28d	50000	0	2026-04-06 11:46:33 IST	complete	hg19	50000	46571			0da3a3a9-3825-42e0-973f-1202b7acdb91	small	false	2026-04-06 11:46:33 IST		2026-04-06 11:46:33 IST	2026-04-06 11:50:01 IST	2026-04-07T11:46:33+05:30	208
f4f863c1-95d8-46c7-87b0-4b811c7d5f1e	50000	1	2026-04-06 11:46:33 IST	complete	hg19	50000	46571			afaf74c9-9e39-4a60-bd0a-4cd0fe48a077	small	false	2026-04-06 11:46:33 IST		2026-04-06 11:46:33 IST	2026-04-06 11:50:09 IST	2026-04-07T11:46:33+05:30	216
c03deb37-5e71-485c-aca5-9ba041089cb7	50000	2	2026-04-06 11:46:34 IST	complete	hg19	50000	46571			a2642674-e5fc-4880-b2ba-8347eac17f08	small	false	2026-04-06 11:46:34 IST		2026-04-06 11:46:34 IST	2026-04-06 11:50:06 IST	2026-04-07T11:46:34+05:30	212
a19763f0-d57f-4b11-a462-202fc9e4a502	50000	3	2026-04-06 11:46:34 IST	complete	hg19	50000	46571				small	false	2026-04-06 11:46:34 IST		2026-04-06 11:46:34 IST	2026-04-06 11:50:07 IST	2026-04-07T11:46:34+05:30	213
82ff92ec-bc4a-429c-a605-a0289e1e2343	50000	4	2026-04-06 11:46:34 IST	complete	hg19	50000	46571			0b55ad2f-ddd8-4da5-93ff-1af9e07a7f54	small	false	2026-04-06 11:46:34 IST		2026-04-06 11:46:34 IST	2026-04-06 11:50:14 IST	2026-04-07T11:46:34+05:30	220
1c7c61c0-ec48-4cf1-94f8-8b36737f09cf	50000	5	2026-04-06 11:46:34 IST	complete	hg19	50000	46571			fbdce553-c9ef-4846-8b77-04ad622d88e7	small	false	2026-04-06 11:46:34 IST		2026-04-06 11:46:34 IST	2026-04-06 11:50:20 IST	2026-04-07T11:46:34+05:30	226
58ad88e1-a441-4b5a-b656-9591d66eb545	50000	6	2026-04-06 11:46:34 IST	complete	hg19	50000	46571				small	false	2026-04-06 11:46:34 IST		2026-04-06 11:46:34 IST	2026-04-06 11:50:26 IST	2026-04-07T11:46:34+05:30	232
bf7a3002-de3e-4519-bb52-a504801dc3a3	50000	7	2026-04-06 11:46:35 IST	complete	hg19	50000	46571			93503487-9929-4c50-86b2-05d73d10d5f8	small	false	2026-04-06 11:46:35 IST		2026-04-06 11:46:35 IST	2026-04-06 11:50:27 IST	2026-04-07T11:46:35+05:30	232
7821bb7a-488a-4558-807f-2c83068f55f7	50000	8	2026-04-06 11:46:35 IST	complete	hg19	50000	46571			06c12620-43d3-4991-b565-a362970a477c	small	false	2026-04-06 11:46:35 IST		2026-04-06 11:46:35 IST	2026-04-06 11:50:26 IST	2026-04-07T11:46:35+05:30	231
2f7c1c08-595a-43ab-89a5-488d286fb1fd	50000	9	2026-04-06 11:46:35 IST	complete	hg19	50000	46571			0fcc65f0-a49d-40cf-b618-2d6961212552	small	false	2026-04-06 11:46:35 IST		2026-04-06 11:46:35 IST	2026-04-06 11:50:21 IST	2026-04-07T11:46:35+05:30	226
1b15862c-6012-4728-b3e8-c00fc1bb4bd4	50000	10	2026-04-06 11:46:35 IST	complete	hg19	50000	46571			58fa4447-175d-4af7-b611-593976ff6b90	small	false	2026-04-06 11:46:35 IST		2026-04-06 11:46:35 IST	2026-04-06 11:51:23 IST	2026-04-07T11:46:35+05:30	288
19a2c9b7-d788-4490-8fcb-19e2e39646aa	50000	11	2026-04-06 11:46:35 IST	complete	hg19	50000	46571				small	false	2026-04-06 11:46:35 IST		2026-04-06 11:46:35 IST	2026-04-06 11:51:24 IST	2026-04-07T11:46:35+05:30	289
139c1b1a-9ac0-4385-a9e1-da0f42547219	50000	12	2026-04-06 11:46:36 IST	complete	hg19	50000	46571			704b3e2e-fe9e-4712-80f1-48ec0985dba6	small	false	2026-04-06 11:46:36 IST		2026-04-06 11:46:36 IST	2026-04-06 11:51:29 IST	2026-04-07T11:46:36+05:30	293
4585505f-51a6-4e6b-b97e-49621ebe3a8f	50000	13	2026-04-06 11:46:36 IST	complete	hg19	50000	46571			a5d674cc-f77d-442e-b7a5-4466e7f6ecf6	small	false	2026-04-06 11:46:36 IST		2026-04-06 11:46:36 IST	2026-04-06 11:51:26 IST	2026-04-07T11:46:36+05:30	290
6a9490ef-7980-4b94-8345-8793393dd656	50000	14	2026-04-06 11:46:36 IST	complete	hg19	50000	46571				small	false	2026-04-06 11:46:36 IST		2026-04-06 11:46:36 IST	2026-04-06 11:51:33 IST	2026-04-07T11:46:36+05:30	297
e1cec9da-5238-4e2a-90b8-368d68a90a82	100	0	2026-04-06 11:47:19 IST	complete	hg19	100	96			f7ea0a05-923c-4714-abc8-e5c6756e7c10	small	false	2026-04-06 11:47:19 IST		2026-04-06 11:47:19 IST	2026-04-06 11:50:21 IST	2026-04-07T11:47:19+05:30	182
a7547197-8a21-4fab-9830-7c795b631268	100	1	2026-04-06 11:47:19 IST	complete	hg19	100	96			306db749-0a05-4750-93b6-672aa408acfa	small	false	2026-04-06 11:47:19 IST		2026-04-06 11:47:19 IST	2026-04-06 11:50:22 IST	2026-04-07T11:47:19+05:30	183
7769146d-7f1e-490e-99de-267f0672627d	100	2	2026-04-06 11:47:19 IST	complete	hg19	100	96			0968b7e9-ddf5-4312-bd02-34fa0aa418f6	small	false	2026-04-06 11:47:19 IST		2026-04-06 11:47:19 IST	2026-04-06 11:50:22 IST	2026-04-07T11:47:19+05:30	183
926f733d-c861-4ac5-9c7b-bbf688680c4b	100	3	2026-04-06 11:47:19 IST	complete	hg19	100	96			4e634d43-9934-4654-b677-6a6358014709	small	false	2026-04-06 11:47:19 IST		2026-04-06 11:47:19 IST	2026-04-06 11:50:23 IST	2026-04-07T11:47:19+05:30	184
c4b189bb-87bc-4122-b2fd-cd9e7500dbba	100	4	2026-04-06 11:47:19 IST	complete	hg19	100	96			c2b7d246-dcba-4df8-9c9f-4450cd1a1ccd	small	false	2026-04-06 11:47:19 IST		2026-04-06 11:47:19 IST	2026-04-06 11:50:23 IST	2026-04-07T11:47:19+05:30	184
9c52a8a5-6572-40e3-a0d6-91e86f9f4ca9	100	5	2026-04-06 11:47:19 IST	complete	hg19	100	96			9d2de993-dea9-4cf6-a864-efe7478ff27f	small	false	2026-04-06 11:47:19 IST		2026-04-06 11:47:19 IST	2026-04-06 11:50:24 IST	2026-04-07T11:47:19+05:30	185
454ffdcc-36fd-413f-841f-b5bccc233434	100	6	2026-04-06 11:47:19 IST	complete	hg19	100	96			eab85365-2bf3-4f9c-a80b-854cfb813a03	small	false	2026-04-06 11:47:19 IST		2026-04-06 11:47:19 IST	2026-04-06 11:50:24 IST	2026-04-07T11:47:19+05:30	185
d85ce302-2700-4d5e-a5d8-ca0a1024d372	100	7	2026-04-06 11:47:19 IST	complete	hg19	100	96			ad433fc6-45f6-4fad-9c16-640d8b450b00	small	false	2026-04-06 11:47:19 IST		2026-04-06 11:47:19 IST	2026-04-06 11:50:24 IST	2026-04-07T11:47:19+05:30	185
d154a692-7eb6-45f9-a646-b19a59dd3307	100	8	2026-04-06 11:47:19 IST	complete	hg19	100	96			0665987e-b03b-45b6-a72a-eaf035b9eb64	small	false	2026-04-06 11:47:19 IST		2026-04-06 11:47:19 IST	2026-04-06 11:50:25 IST	2026-04-07T11:47:19+05:30	186
008a73e6-b0eb-4384-a85d-0dc186143b6a	100	9	2026-04-06 11:47:19 IST	complete	hg19	100	96			d0cecc81-1272-429d-8549-5d8110502408	small	false	2026-04-06 11:47:19 IST		2026-04-06 11:47:19 IST	2026-04-06 11:50:25 IST	2026-04-07T11:47:19+05:30	186
d6ec9702-faa4-4df8-a2bb-27114b49bdd7	100	10	2026-04-06 11:47:19 IST	complete	hg19	100	96			86aabc26-f7e2-4cbf-9f89-9f688888448e	small	false	2026-04-06 11:47:19 IST		2026-04-06 11:47:19 IST	2026-04-06 11:50:26 IST	2026-04-07T11:47:19+05:30	187
e0ac412e-4f79-4b40-afcb-08504a6e98a1	100	11	2026-04-06 11:47:20 IST	complete	hg19	100	96			8dc080e8-5be1-42cb-9c81-9d3ca55c545b	small	false	2026-04-06 11:47:19 IST		2026-04-06 11:47:20 IST	2026-04-06 11:50:26 IST	2026-04-07T11:47:19+05:30	186
ab398f90-17dd-4b29-b54d-08143d9e0e82	100	12	2026-04-06 11:47:20 IST	complete	hg19	100	96			904b1087-bddc-4a98-a2ae-b5774890c357	small	false	2026-04-06 11:47:20 IST		2026-04-06 11:47:20 IST	2026-04-06 11:50:26 IST	2026-04-07T11:47:20+05:30	186
40a1ded9-ff2d-4091-ac4f-c8a3d19a6cb8	100	13	2026-04-06 11:47:20 IST	complete	hg19	100	96			df85dd0b-6711-4be1-9941-79ac28139c95	small	false	2026-04-06 11:47:20 IST		2026-04-06 11:47:20 IST	2026-04-06 11:50:27 IST	2026-04-07T11:47:20+05:30	187
3eeeb866-be96-4345-9af3-01c50eb73cfb	100	14	2026-04-06 11:47:20 IST	complete	hg19	100	96				small	false	2026-04-06 11:47:20 IST		2026-04-06 11:47:20 IST	2026-04-06 11:50:27 IST	2026-04-07T11:47:20+05:30	187
f5570867-3ab2-4ac7-8351-6c6cc3145fb1	200	0	2026-04-06 11:47:28 IST	complete	hg19	200	187			e3c9a6b9-d4f3-478e-85a5-0b1c4b4398b7	small	false	2026-04-06 11:47:28 IST		2026-04-06 11:47:28 IST	2026-04-06 11:50:28 IST	2026-04-07T11:47:28+05:30	180
0a2ce1c2-d33d-4ee4-9081-6e585054efbc	200	1	2026-04-06 11:47:28 IST	complete	hg19	200	187				small	false	2026-04-06 11:47:28 IST		2026-04-06 11:47:28 IST	2026-04-06 11:50:28 IST	2026-04-07T11:47:28+05:30	180
a3e02c66-32f4-4c73-a7ec-a1d911c8e9a1	200	2	2026-04-06 11:47:28 IST	complete	hg19	200	187				small	false	2026-04-06 11:47:28 IST		2026-04-06 11:47:28 IST	2026-04-06 11:50:28 IST	2026-04-07T11:47:28+05:30	180
16700f81-5c15-4006-9966-8cc1468df10b	200	3	2026-04-06 11:47:28 IST	complete	hg19	200	187				small	false	2026-04-06 11:47:28 IST		2026-04-06 11:47:28 IST	2026-04-06 11:50:28 IST	2026-04-07T11:47:28+05:30	180
2d3bec8c-9889-48e9-bd64-3129e6d7c09e	200	4	2026-04-06 11:47:28 IST	complete	hg19	200	187			4bf49d2b-d561-41ba-b012-b22c23921576	small	false	2026-04-06 11:47:28 IST		2026-04-06 11:47:28 IST	2026-04-06 11:50:28 IST	2026-04-07T11:47:28+05:30	180
4ac2e7bd-7b17-49fd-a130-01f1b264e35b	200	5	2026-04-06 11:47:28 IST	complete	hg19	200	187			a41416ee-09b4-4393-9b53-16b7a17b884f	small	false	2026-04-06 11:47:28 IST		2026-04-06 11:47:28 IST	2026-04-06 11:50:29 IST	2026-04-07T11:47:28+05:30	181
1889c23c-f27a-4de3-be15-58de9934fd4f	200	6	2026-04-06 11:47:28 IST	complete	hg19	200	187			d8444aa8-891b-4a12-8715-ce37a81f9f53	small	false	2026-04-06 11:47:28 IST		2026-04-06 11:47:28 IST	2026-04-06 11:50:29 IST	2026-04-07T11:47:28+05:30	181
78102ac5-f788-483b-bf94-00f8dceccbe4	200	7	2026-04-06 11:47:28 IST	complete	hg19	200	187			5c2733b8-6422-4611-8dcc-f20641c2c9db	small	false	2026-04-06 11:47:28 IST		2026-04-06 11:47:28 IST	2026-04-06 11:50:29 IST	2026-04-07T11:47:28+05:30	181
a72f8e2e-8830-47e7-be50-bf74902509c7	200	8	2026-04-06 11:47:28 IST	complete	hg19	200	187			35731001-7852-4f98-bdaa-5eb8e994ef63	small	false	2026-04-06 11:47:28 IST		2026-04-06 11:47:28 IST	2026-04-06 11:50:29 IST	2026-04-07T11:47:28+05:30	181
1473a239-afca-4154-a899-2fce4837c056	200	9	2026-04-06 11:47:28 IST	complete	hg19	200	187			88836b14-1f07-433e-b038-bbe05cabcea2	small	false	2026-04-06 11:47:28 IST		2026-04-06 11:47:28 IST	2026-04-06 11:50:30 IST	2026-04-07T11:47:28+05:30	182
8953dc60-afaf-45fc-8466-5009dfb2bc2b	200	10	2026-04-06 11:47:28 IST	complete	hg19	200	187				small	false	2026-04-06 11:47:28 IST		2026-04-06 11:47:28 IST	2026-04-06 11:50:30 IST	2026-04-07T11:47:28+05:30	182
1e86abf7-c770-491c-84ba-d5b3ae37bd48	200	11	2026-04-06 11:47:28 IST	complete	hg19	200	187			d51305ac-f796-4b4e-9024-d3982e65f367	small	false	2026-04-06 11:47:28 IST		2026-04-06 11:47:28 IST	2026-04-06 11:50:31 IST	2026-04-07T11:47:28+05:30	183
a935e565-16ee-40e2-aa2e-f2bf6467ef4a	200	12	2026-04-06 11:47:28 IST	complete	hg19	200	187			22149c02-8dc6-4290-829c-c459233e2d64	small	false	2026-04-06 11:47:28 IST		2026-04-06 11:47:28 IST	2026-04-06 11:50:30 IST	2026-04-07T11:47:28+05:30	182
02950e37-e4b8-4922-82aa-f8778e551ffe	200	13	2026-04-06 11:47:28 IST	complete	hg19	200	187			d940a7c6-b69b-4501-bde2-91c6854be6b1	small	false	2026-04-06 11:47:28 IST		2026-04-06 11:47:28 IST	2026-04-06 11:50:31 IST	2026-04-07T11:47:28+05:30	183
d620aade-8ae9-4104-9424-550253594571	200	14	2026-04-06 11:47:29 IST	complete	hg19	200	187				small	false	2026-04-06 11:47:28 IST		2026-04-06 11:47:28 IST	2026-04-06 11:50:31 IST	2026-04-07T11:47:28+05:30	183
e91f8e84-4fe4-4483-97e1-2c3fd3895098	500	0	2026-04-06 11:47:29 IST	complete	hg19	500	463			825207db-d6bd-4482-8857-1a76fd6ea095	small	false	2026-04-06 11:47:29 IST		2026-04-06 11:47:29 IST	2026-04-06 11:50:33 IST	2026-04-07T11:47:29+05:30	184
a858468d-51cc-4e1e-8d3d-db984512c6c3	500	1	2026-04-06 11:47:29 IST	complete	hg19	500	463			627fddcc-478d-4608-bd94-f70def7c7562	small	false	2026-04-06 11:47:29 IST		2026-04-06 11:47:29 IST	2026-04-06 11:50:33 IST	2026-04-07T11:47:29+05:30	184
709fae5e-9c69-4a4a-b090-c6866f74c2ee	500	2	2026-04-06 11:47:29 IST	complete	hg19	500	463				small	false	2026-04-06 11:47:29 IST		2026-04-06 11:47:29 IST	2026-04-06 11:50:33 IST	2026-04-07T11:47:29+05:30	184
af07b073-16af-4c26-b77e-c67044704597	500	3	2026-04-06 11:47:29 IST	complete	hg19	500	463			0d688a1f-9520-4468-a61a-08fc2658a759	small	false	2026-04-06 11:47:29 IST		2026-04-06 11:47:29 IST	2026-04-06 11:50:33 IST	2026-04-07T11:47:29+05:30	184
a0b98a2a-7f61-4edb-9c59-6bc7ecaf54eb	500	4	2026-04-06 11:47:29 IST	complete	hg19	500	463				small	false	2026-04-06 11:47:29 IST		2026-04-06 11:47:29 IST	2026-04-06 11:50:33 IST	2026-04-07T11:47:29+05:30	184
fd0771be-d426-4cdd-966d-90f91426cc39	500	5	2026-04-06 11:47:29 IST	complete	hg19	500	463			51faa982-29eb-4cf6-9afc-47661bc3e149	small	false	2026-04-06 11:47:29 IST		2026-04-06 11:47:29 IST	2026-04-06 11:50:35 IST	2026-04-07T11:47:29+05:30	186
67612050-6775-42e2-88ad-58933d0812cd	500	6	2026-04-06 11:47:29 IST	complete	hg19	500	463			56f0a4ad-cbae-475c-9a35-531462b8e6ef	small	false	2026-04-06 11:47:29 IST		2026-04-06 11:47:29 IST	2026-04-06 11:50:35 IST	2026-04-07T11:47:29+05:30	186
22bcc3ec-72ad-4efb-82f1-094c2558c4e3	500	7	2026-04-06 11:47:29 IST	complete	hg19	500	463			b332583a-f779-4ac6-bc54-78598f8b4a07	small	false	2026-04-06 11:47:29 IST		2026-04-06 11:47:29 IST	2026-04-06 11:50:35 IST	2026-04-07T11:47:29+05:30	186
96945d2e-865e-4e68-b489-994393579f26	500	8	2026-04-06 11:47:29 IST	complete	hg19	500	463			32ef4f67-5b59-4fdf-9c4e-1459160c7538	small	false	2026-04-06 11:47:29 IST		2026-04-06 11:47:29 IST	2026-04-06 11:50:36 IST	2026-04-07T11:47:29+05:30	187
e1e40b3e-1496-4fd6-9aa3-39c22ca0c5ba	500	9	2026-04-06 11:47:29 IST	complete	hg19	500	463			cba388ed-ceae-4f74-a39a-6c2164105bd9	small	false	2026-04-06 11:47:29 IST		2026-04-06 11:47:29 IST	2026-04-06 11:50:36 IST	2026-04-07T11:47:29+05:30	187
1159c990-1683-4e12-8920-be2bd245f9a0	500	10	2026-04-06 11:47:29 IST	complete	hg19	500	463				small	false	2026-04-06 11:47:29 IST		2026-04-06 11:47:29 IST	2026-04-06 11:50:37 IST	2026-04-07T11:47:29+05:30	188
3a740ba9-90c8-4109-959e-fd88182cc1d4	500	11	2026-04-06 11:47:29 IST	complete	hg19	500	463			8f602745-69a7-4b41-a880-d98dd2ef3403	small	false	2026-04-06 11:47:29 IST		2026-04-06 11:47:29 IST	2026-04-06 11:50:38 IST	2026-04-07T11:47:29+05:30	189
d771f470-8784-4b4e-90a2-6a1a0304d9c7	500	12	2026-04-06 11:47:29 IST	complete	hg19	500	463			cb94526b-6d95-4fcf-b629-e9ca21270f6b	small	false	2026-04-06 11:47:29 IST		2026-04-06 11:47:29 IST	2026-04-06 11:50:38 IST	2026-04-07T11:47:29+05:30	189
2172b97d-9cf9-4c7d-8f55-747a35805879	500	13	2026-04-06 11:47:29 IST	complete	hg19	500	463			5fb150a2-4436-4b4c-9c07-6fbce3bd1be1	small	false	2026-04-06 11:47:29 IST		2026-04-06 11:47:29 IST	2026-04-06 11:50:38 IST	2026-04-07T11:47:29+05:30	189
0ae960e3-40d9-4e96-a748-8e08b5c27ccd	500	14	2026-04-06 11:47:29 IST	complete	hg19	500	463			25e25d6c-6ef7-48cf-bcc1-068b090b7ad6	small	false	2026-04-06 11:47:29 IST		2026-04-06 11:47:29 IST	2026-04-06 11:50:38 IST	2026-04-07T11:47:29+05:30	189
d974e181-2361-4173-bca1-130a5097508b	500000	11	2026-04-06 11:36:08 IST	complete	hg19	500000	466277			e9693deb-76ca-406b-8961-884ee79422fd	large	false	2026-04-06 11:36:08 IST		2026-04-06 11:36:08 IST	2026-04-06 11:53:52 IST	2026-04-07T11:36:08+05:30	1064
ed7c153f-f2e1-4343-8455-a4836daace95	500000	12	2026-04-06 11:36:09 IST	complete	hg19	500000	466277				large	false	2026-04-06 11:36:09 IST		2026-04-06 11:36:09 IST	2026-04-06 11:54:33 IST	2026-04-07T11:36:09+05:30	1104
1cb19018-7e7c-4649-a859-7c1be502bda9	500000	13	2026-04-06 11:36:10 IST	complete	hg19	500000	466277			0d220460-ee77-48ef-8f89-08703ee94997	large	false	2026-04-06 11:36:10 IST		2026-04-06 11:36:10 IST	2026-04-06 11:55:13 IST	2026-04-07T11:36:10+05:30	1143
fca6c034-1c39-4c81-b50a-6328e273691b	500000	14	2026-04-06 11:36:11 IST	complete	hg19	500000	466277			ea51d86b-d7aa-4ae1-b6f3-cc11767b26a5	large	false	2026-04-06 11:36:11 IST		2026-04-06 11:36:11 IST	2026-04-06 11:56:05 IST	2026-04-07T11:36:11+05:30	1194
4a708f62-0fe3-4f24-b12e-872b503b468e	150000	0	2026-04-06 11:36:12 IST	complete	hg19	150000	140047			2eab1fc0-592e-48c3-a5d6-da665c98bbd4	large	false	2026-04-06 11:36:12 IST		2026-04-06 11:36:12 IST	2026-04-06 11:56:06 IST	2026-04-07T11:36:12+05:30	1194
f83163fb-082f-4b4c-ae5a-865ad21e4260	150000	1	2026-04-06 11:36:13 IST	complete	hg19	150000	140047			2786a46e-49ee-4211-b780-9c372fa0f04f	large	false	2026-04-06 11:36:13 IST		2026-04-06 11:36:13 IST	2026-04-06 11:56:22 IST	2026-04-07T11:36:13+05:30	1209
1377099d-7612-40e8-9043-19c779678a9c	150000	2	2026-04-06 11:36:13 IST	complete	hg19	150000	140047			f64e3aa7-6139-40c6-a811-f51faa9efebe	large	false	2026-04-06 11:36:13 IST		2026-04-06 11:36:13 IST	2026-04-06 11:56:44 IST	2026-04-07T11:36:13+05:30	1231
d5b7c756-bfa3-48d9-97d4-df21991d9784	150000	3	2026-04-06 11:36:14 IST	complete	hg19	150000	140047			5ae8d45d-c7e4-4617-8dae-f8a2868706de	large	false	2026-04-06 11:36:14 IST		2026-04-06 11:36:14 IST	2026-04-06 11:56:57 IST	2026-04-07T11:36:14+05:30	1243
577ce933-86e5-405c-8174-9b8ff7758640	150000	4	2026-04-06 11:36:14 IST	complete	hg19	150000	140047			72384452-85f3-43fc-bd41-29639d6ee5da	large	false	2026-04-06 11:36:14 IST		2026-04-06 11:36:14 IST	2026-04-06 11:57:07 IST	2026-04-07T11:36:14+05:30	1253
8a0a191f-d918-401f-9c0e-4c85e18a8592	150000	5	2026-04-06 11:36:14 IST	complete	hg19	150000	140047			1d433394-78e1-4168-814a-fba64346eb0d	large	false	2026-04-06 11:36:14 IST		2026-04-06 11:36:14 IST	2026-04-06 11:57:33 IST	2026-04-07T11:36:14+05:30	1279
12d69d0d-d95d-46d2-9d72-7b76cb2417c1	150000	6	2026-04-06 11:36:15 IST	complete	hg19	150000	140047			c620a461-9d62-4acc-9da8-aaf2c21443f1	large	false	2026-04-06 11:36:15 IST		2026-04-06 11:36:15 IST	2026-04-06 11:57:45 IST	2026-04-07T11:36:15+05:30	1290
ea84302f-59ee-4aa2-9fb3-eb4c44c87dfc	150000	7	2026-04-06 11:36:15 IST	complete	hg19	150000	140047			b54292d5-7bf8-41de-b917-d55a3f04928b	large	false	2026-04-06 11:36:15 IST		2026-04-06 11:36:15 IST	2026-04-06 11:57:58 IST	2026-04-07T11:36:15+05:30	1303
f3afe050-a602-4105-be1c-db5f6ce47a31	150000	8	2026-04-06 11:36:16 IST	complete	hg19	150000	140047			519e5159-e9b6-455e-a450-f576c5f92ccd	large	false	2026-04-06 11:36:16 IST		2026-04-06 11:36:16 IST	2026-04-06 11:58:10 IST	2026-04-07T11:36:16+05:30	1314
025795b7-e993-4136-99ba-564014d43334	150000	9	2026-04-06 11:36:16 IST	complete	hg19	150000	140047			3fedeb19-f455-4b4b-afbd-f6069932504b	large	false	2026-04-06 11:36:16 IST		2026-04-06 11:36:16 IST	2026-04-06 11:58:34 IST	2026-04-07T11:36:16+05:30	1338
9c188585-4671-4f68-b708-3693dcdaa6e9	150000	10	2026-04-06 11:36:16 IST	complete	hg19	150000	140047				large	false	2026-04-06 11:36:16 IST		2026-04-06 11:36:16 IST	2026-04-06 11:58:47 IST	2026-04-07T11:36:16+05:30	1351
e3873aab-0567-451b-ba15-64d26c3eb602	150000	11	2026-04-06 11:36:17 IST	complete	hg19	150000	140047			4b45a127-75b2-4c6b-8586-ef14802591fd	large	false	2026-04-06 11:36:17 IST		2026-04-06 11:36:17 IST	2026-04-06 11:58:54 IST	2026-04-07T11:36:17+05:30	1357
683568ee-bc84-4b07-8cf3-e2f0a250412a	150000	12	2026-04-06 11:36:17 IST	complete	hg19	150000	140047			0d948516-fe4a-491f-96f4-b6ffb9f8f2f9	large	false	2026-04-06 11:36:17 IST		2026-04-06 11:36:17 IST	2026-04-06 11:59:19 IST	2026-04-07T11:36:17+05:30	1382
d47dffd8-7922-40bc-b7aa-442b68fc33df	150000	13	2026-04-06 11:36:18 IST	complete	hg19	150000	140047			d97d4b94-c7ad-4951-a529-6377f2e9c8c2	large	false	2026-04-06 11:36:18 IST		2026-04-06 11:36:18 IST	2026-04-06 11:59:32 IST	2026-04-07T11:36:18+05:30	1394
b2a336d7-2073-45bb-9903-4d8a96699328	150000	14	2026-04-06 11:36:18 IST	complete	hg19	150000	140047			76e3ebba-ab4f-488f-8dec-b4a09c2dba63	large	false	2026-04-06 11:36:18 IST		2026-04-06 11:36:18 IST	2026-04-06 11:59:42 IST	2026-04-07T11:36:18+05:30	1404
299a0969-dd30-4380-9e28-94fab06d4416	5000000	0	2026-04-06 11:36:30 IST	complete	hg19	5000000	2168448			5baf309a-0a56-4e84-b0ee-7b20b4eaa716	large	false	2026-04-06 11:36:30 IST		2026-04-06 11:36:30 IST	2026-04-06 12:02:49 IST	2026-04-07T11:36:30+05:30	1579
32d27518-ddf3-49a1-a417-d17c0855e800	5000000	1	2026-04-06 11:36:41 IST	complete	hg19	5000000	1964306				large	false	2026-04-06 11:36:41 IST		2026-04-06 11:36:41 IST	2026-04-06 12:05:50 IST	2026-04-07T11:36:41+05:30	1749
5f65f69b-66da-4260-af6c-5bfd7e9d9164	5000000	2	2026-04-06 11:36:53 IST	complete	hg19	5000000	1767471			aa612ceb-68cb-48f2-bc91-07b599a8feb1	large	false	2026-04-06 11:36:53 IST		2026-04-06 11:36:53 IST	2026-04-06 12:08:32 IST	2026-04-07T11:36:53+05:30	1899
d182084b-4e33-479e-b51b-389717405b34	5000000	3	2026-04-06 11:37:05 IST	complete	hg19	5000000	2052179			a2b19705-e792-4433-9d93-336a2b3c4854	large	false	2026-04-06 11:37:05 IST		2026-04-06 11:37:05 IST	2026-04-06 12:11:44 IST	2026-04-07T11:37:05+05:30	2079
a9ac6844-c5fe-4671-9ee7-9ab799222832	5000000	4	2026-04-06 11:37:16 IST	complete	hg19	5000000	1960322			b7652a68-f654-4f14-975c-0bcac5c084b3	large	false	2026-04-06 11:37:16 IST		2026-04-06 11:37:16 IST	2026-04-06 12:14:43 IST	2026-04-07T11:37:16+05:30	2247
5115a283-1159-4055-b0e4-ebe3a0547108	5000000	5	2026-04-06 11:37:27 IST	complete	hg19	5000000	2057658			9a1a8ef3-f11e-4232-bb04-96b87ee4844e	large	false	2026-04-06 11:37:27 IST		2026-04-06 11:37:27 IST	2026-04-06 12:17:51 IST	2026-04-07T11:37:27+05:30	2424
df08bbc0-f24a-4249-b122-36128bb7f9d4	5000000	6	2026-04-06 11:37:38 IST	complete	hg19	5000000	1866888			0ae9efc9-08ce-4eb0-932b-e732524a43d4	large	false	2026-04-06 11:37:38 IST		2026-04-06 11:37:38 IST	2026-04-06 12:20:48 IST	2026-04-07T11:37:38+05:30	2590
30afd0ab-ec68-4933-8591-b7e355c26329	5000000	7	2026-04-06 11:37:50 IST	complete	hg19	5000000	1907895			bbf3ad87-5882-46c4-b60a-b39f448a22d3	large	false	2026-04-06 11:37:50 IST		2026-04-06 11:37:50 IST	2026-04-06 12:23:41 IST	2026-04-07T11:37:50+05:30	2751
a7d1513d-22f7-4c1a-9214-3b50e6728a49	5000000	8	2026-04-06 11:38:01 IST	complete	hg19	5000000	2104373			4add40f7-7303-411e-ac4b-6987b5280b2e	large	false	2026-04-06 11:38:01 IST		2026-04-06 11:38:01 IST	2026-04-06 12:26:53 IST	2026-04-07T11:38:01+05:30	2932
23bb37a6-859b-4d4f-9b93-1bf1aec0a6fa	5000000	9	2026-04-06 11:38:12 IST	complete	hg19	5000000	2008803			b58504a9-e990-427c-918e-137d2ed7331c	large	false	2026-04-06 11:38:12 IST		2026-04-06 11:38:12 IST	2026-04-06 12:30:00 IST	2026-04-07T11:38:12+05:30	3108
d1d7f578-5eb1-4c52-9a50-604f6f17f7e0	5000000	10	2026-04-06 11:38:23 IST	complete	hg19	5000000	2211722			ab923a74-71f0-4d81-8d20-ca99d70f0b38	large	false	2026-04-06 11:38:23 IST		2026-04-06 11:38:23 IST	2026-04-06 12:33:25 IST	2026-04-07T11:38:23+05:30	3302
50dd0e48-1ecc-40c0-b13f-e173201974bd	5000000	11	2026-04-06 11:38:35 IST	complete	hg19	5000000	2258907			03397f25-1c04-448e-b1c2-ca300fea5d49	large	false	2026-04-06 11:38:35 IST		2026-04-06 11:38:35 IST	2026-04-06 12:36:53 IST	2026-04-07T11:38:35+05:30	3498
b9550d7c-c0df-43be-99c3-0954b4dcb058	5000000	12	2026-04-06 11:38:46 IST	complete	hg19	5000000	2318038			663680c1-17bf-45b7-8603-16152defb1c5	large	false	2026-04-06 11:38:46 IST		2026-04-06 11:38:46 IST	2026-04-06 12:40:23 IST	2026-04-07T11:38:46+05:30	3697
187bb8db-43d7-4ca7-9bfe-0b896c5b9fc0	100000	0	2026-04-06 11:39:09 IST	complete	hg19	100000	93277			f9da4936-45e4-4df8-a7f6-477c0640d359	large	false	2026-04-06 11:39:09 IST		2026-04-06 11:39:09 IST	2026-04-06 12:41:30 IST	2026-04-07T11:39:09+05:30	3741
24675465-7e20-445e-bcec-43bc76bf660d	100000	1	2026-04-06 11:39:09 IST	complete	hg19	100000	93277			1cccabb2-74c6-4f32-adc9-8df93e859f93	large	false	2026-04-06 11:39:09 IST		2026-04-06 11:39:09 IST	2026-04-06 12:41:34 IST	2026-04-07T11:39:09+05:30	3745
9dd08333-e3e5-417b-853f-b0730f93f066	100000	2	2026-04-06 11:39:10 IST	complete	hg19	100000	93277				large	false	2026-04-06 11:39:10 IST		2026-04-06 11:39:10 IST	2026-04-06 12:41:52 IST	2026-04-07T11:39:10+05:30	3762
50bc3e35-9914-4bc5-a1e4-59ddb09b3375	100000	3	2026-04-06 11:39:10 IST	complete	hg19	100000	93277			8b3650ff-f940-42a3-a72e-f5efdf9aef8b	large	false	2026-04-06 11:39:10 IST		2026-04-06 11:39:10 IST	2026-04-06 12:42:10 IST	2026-04-07T11:39:10+05:30	3780
eea8175d-8b53-48ff-89f4-d3ddb0be9826	100000	4	2026-04-06 11:39:10 IST	complete	hg19	100000	93277				large	false	2026-04-06 11:39:10 IST		2026-04-06 11:39:10 IST	2026-04-06 12:42:32 IST	2026-04-07T11:39:10+05:30	3802
ec689b9a-633d-4676-bc6a-0878fca11eaa	100000	5	2026-04-06 11:39:11 IST	complete	hg19	100000	93277				large	false	2026-04-06 11:39:11 IST		2026-04-06 11:39:11 IST	2026-04-06 12:42:47 IST	2026-04-07T11:39:11+05:30	3816
d5daa57d-a180-4c21-94cd-07f97df0a53d	100000	6	2026-04-06 11:39:11 IST	complete	hg19	100000	93277			32c41e92-048e-4b83-963a-4b9ad780eb5b	large	false	2026-04-06 11:39:11 IST		2026-04-06 11:39:11 IST	2026-04-06 12:43:21 IST	2026-04-07T11:39:11+05:30	3850
e8919665-4185-469f-94ca-591a9fdf2c69	100000	7	2026-04-06 11:39:12 IST	complete	hg19	100000	93277				large	false	2026-04-06 11:39:11 IST		2026-04-06 11:39:12 IST	2026-04-06 12:43:32 IST	2026-04-07T11:39:11+05:30	3860
90428547-5175-4b21-ae6b-5c5d2848e47b	100000	8	2026-04-06 11:39:12 IST	complete	hg19	100000	93277			9b18e6c9-c05a-4660-9759-8169a7b6f2e4	large	false	2026-04-06 11:39:12 IST		2026-04-06 11:39:12 IST	2026-04-06 12:43:51 IST	2026-04-07T11:39:12+05:30	3879
a8f4fa9f-6b87-48f9-ba77-15db4d618c55	5000000	13	2026-04-06 11:38:57 IST	complete	hg19	5000000	2073625			4d9b7e5e-cb8c-4c5b-ae77-9a69e50c4b02	large	false	2026-04-06 11:38:57 IST		2026-04-06 11:38:57 IST	2026-04-06 12:46:42 IST	2026-04-07T11:38:57+05:30	4065
99bf5e07-89c0-4af0-97e2-859e80f0896f	100000	9	2026-04-06 11:39:12 IST	complete	hg19	100000	93277			003942cb-09ce-4aed-86ea-0253225a2067	large	false	2026-04-06 11:39:12 IST		2026-04-06 11:39:12 IST	2026-04-06 12:44:13 IST	2026-04-07T11:39:12+05:30	3901
fb0c7507-3b83-4a3a-83ca-a485f235e23d	100000	10	2026-04-06 11:39:13 IST	complete	hg19	100000	93277				large	false	2026-04-06 11:39:12 IST		2026-04-06 11:39:12 IST	2026-04-06 12:44:41 IST	2026-04-07T11:39:12+05:30	3929
0935edfd-74f4-48e4-9ebe-0862d52123a6	100000	11	2026-04-06 11:39:13 IST	complete	hg19	100000	93277			bed2a122-668d-4a67-bc43-bf7a65d68fa4	large	false	2026-04-06 11:39:13 IST		2026-04-06 11:39:13 IST	2026-04-06 12:45:03 IST	2026-04-07T11:39:13+05:30	3950
2bd47add-8e5b-46d2-a152-a8d252fc49ed	100000	12	2026-04-06 11:39:13 IST	complete	hg19	100000	93277			303b9cfd-1efd-43bb-a2ec-b80a90e29c2f	large	false	2026-04-06 11:39:13 IST		2026-04-06 11:39:13 IST	2026-04-06 12:45:27 IST	2026-04-07T11:39:13+05:30	3974
20b081c8-8581-4f0b-a575-189e95bcca86	100000	13	2026-04-06 11:39:13 IST	complete	hg19	100000	93277				large	false	2026-04-06 11:39:13 IST		2026-04-06 11:39:13 IST	2026-04-06 12:45:47 IST	2026-04-07T11:39:13+05:30	3994
156ab0ed-66b5-49dd-a2ad-17211f157803	100000	14	2026-04-06 11:39:14 IST	complete	hg19	100000	93277			25de0329-48f6-463a-94a0-3d13e49538c5	large	false	2026-04-06 11:39:14 IST		2026-04-06 11:39:14 IST	2026-04-06 12:46:02 IST	2026-04-07T11:39:14+05:30	4008
2e916e3c-b2e5-43a0-bc4a-2472ef57911b	75000	0	2026-04-06 11:39:14 IST	complete	hg19	75000	69897			ed45da22-27f3-4d18-8407-79b52a2b53e8	large	false	2026-04-06 11:39:14 IST		2026-04-06 11:39:14 IST	2026-04-06 12:46:29 IST	2026-04-07T11:39:14+05:30	4035
d990a5a3-8df1-4aa4-96bb-29ba6f36ec4a	75000	1	2026-04-06 11:39:14 IST	complete	hg19	75000	69897			38edfef5-381f-477e-bc26-5b5c876daefe	large	false	2026-04-06 11:39:14 IST		2026-04-06 11:39:14 IST	2026-04-06 12:46:33 IST	2026-04-07T11:39:14+05:30	4039
a4537ea2-950e-435c-960b-011e68d7dc40	75000	2	2026-04-06 11:39:15 IST	complete	hg19	75000	69897				large	false	2026-04-06 11:39:15 IST		2026-04-06 11:39:15 IST	2026-04-06 12:46:55 IST	2026-04-07T11:39:15+05:30	4060
2a0bcba4-7e13-4ec7-9721-faa542c060f2	75000	3	2026-04-06 11:39:15 IST	complete	hg19	75000	69897				large	false	2026-04-06 11:39:15 IST		2026-04-06 11:39:15 IST	2026-04-06 12:47:13 IST	2026-04-07T11:39:15+05:30	4078
d74e6929-1d95-42de-a6b4-de0f06d58585	75000	4	2026-04-06 11:39:15 IST	complete	hg19	75000	69897			01c5c117-7225-4825-818e-0cc015450475	large	false	2026-04-06 11:39:15 IST		2026-04-06 11:39:15 IST	2026-04-06 12:47:27 IST	2026-04-07T11:39:15+05:30	4092
85bde6fe-eee8-4858-a615-b03f98dc757b	75000	5	2026-04-06 11:39:15 IST	complete	hg19	75000	69897				large	false	2026-04-06 11:39:15 IST		2026-04-06 11:39:15 IST	2026-04-06 12:47:35 IST	2026-04-07T11:39:15+05:30	4100
f76079c2-6202-4a1a-b235-44918c0a56bb	75000	6	2026-04-06 11:39:16 IST	complete	hg19	75000	69897				large	false	2026-04-06 11:39:16 IST		2026-04-06 11:39:16 IST	2026-04-06 12:47:35 IST	2026-04-07T11:39:16+05:30	4099
a645ea6b-9001-4f4e-8bd5-35c79fadcba2	75000	7	2026-04-06 11:39:16 IST	complete	hg19	75000	69897			18a109e7-c7f0-4549-b4ff-2c6eb7dead07	large	false	2026-04-06 11:39:16 IST		2026-04-06 11:39:16 IST	2026-04-06 12:47:36 IST	2026-04-07T11:39:16+05:30	4100
4689aaaa-7e01-4cbc-ae77-231221063411	75000	8	2026-04-06 11:39:16 IST	complete	hg19	75000	69897			fba07cd2-7a6a-4ee1-a9fd-7ac8900df695	large	false	2026-04-06 11:39:16 IST		2026-04-06 11:39:16 IST	2026-04-06 12:47:50 IST	2026-04-07T11:39:16+05:30	4114
3af0d7ff-f950-4140-ad7f-8c26fc4fee26	75000	9	2026-04-06 11:39:16 IST	complete	hg19	75000	69897				large	false	2026-04-06 11:39:16 IST		2026-04-06 11:39:16 IST	2026-04-06 12:48:02 IST	2026-04-07T11:39:16+05:30	4126
d5b38996-ec02-4df7-8dda-c2ed0854e255	75000	10	2026-04-06 11:39:17 IST	complete	hg19	75000	69897			72a4b485-bf8a-4e1e-809b-1a106dc27a97	large	false	2026-04-06 11:39:17 IST		2026-04-06 11:39:17 IST	2026-04-06 12:48:02 IST	2026-04-07T11:39:17+05:30	4125
e86f2842-e217-4496-878e-c8a24e7eee08	75000	11	2026-04-06 11:39:17 IST	complete	hg19	75000	69897			dc921352-2cdc-4d69-9d4b-1d3ff9614934	large	false	2026-04-06 11:39:17 IST		2026-04-06 11:39:17 IST	2026-04-06 12:48:16 IST	2026-04-07T11:39:17+05:30	4139
768ecf91-9ae5-43d6-b606-dba93119ef79	75000	12	2026-04-06 11:39:17 IST	complete	hg19	75000	69897			64138a2c-f7e4-4b32-9ba6-22f054d854dc	large	false	2026-04-06 11:39:17 IST		2026-04-06 11:39:17 IST	2026-04-06 12:48:29 IST	2026-04-07T11:39:17+05:30	4152
2f12cbeb-4d12-4007-bcf9-a11a87f9f589	75000	13	2026-04-06 11:39:18 IST	complete	hg19	75000	69897			3d15f6a9-edf8-4f23-8295-83b6ac514512	large	false	2026-04-06 11:39:18 IST		2026-04-06 11:39:18 IST	2026-04-06 12:48:30 IST	2026-04-07T11:39:18+05:30	4152
e30315b3-2ebd-43c0-af8c-efb6abd14ec0	75000	14	2026-04-06 11:39:18 IST	complete	hg19	75000	69897				large	false	2026-04-06 11:39:18 IST		2026-04-06 11:39:18 IST	2026-04-06 12:48:34 IST	2026-04-07T11:39:18+05:30	4156
2fe4ce7b-0143-4764-a9c3-234af9de1bc5	5000000	14	2026-04-06 11:39:08 IST	complete	hg19	5000000	2218545			328fa6ae-ce23-42f2-9974-bc191c995063	large	false	2026-04-06 11:39:08 IST		2026-04-06 11:39:08 IST	2026-04-06 12:52:58 IST	2026-04-07T11:39:08+05:30	4430
faab4b8d-e108-4b72-9a43-9458b2416570	1500000	0	2026-04-06 11:39:21 IST	complete	hg19	1500000	817818			b2b9e28f-94a8-43d8-9b41-15ac0c778611	large	false	2026-04-06 11:39:21 IST		2026-04-06 11:39:21 IST	2026-04-06 12:52:55 IST	2026-04-07T11:39:21+05:30	4414
7b4ae90a-cd40-41af-b4e0-affbc74427f0	1500000	1	2026-04-06 11:39:25 IST	complete	hg19	1500000	818950			661b3f84-3632-435d-b2d1-6bda8dddcf6d	large	false	2026-04-06 11:39:25 IST		2026-04-06 11:39:25 IST	2026-04-06 12:54:20 IST	2026-04-07T11:39:25+05:30	4495
84854b07-519e-4a44-8f7a-ba9b76356c03	1500000	2	2026-04-06 11:39:29 IST	complete	hg19	1500000	815017			52f2c49f-cf96-485f-bc40-dbc07da3de7a	large	false	2026-04-06 11:39:29 IST		2026-04-06 11:39:29 IST	2026-04-06 12:55:38 IST	2026-04-07T11:39:29+05:30	4569
77c78dd4-3c52-4051-8052-756ad598c649	1500000	3	2026-04-06 11:39:33 IST	complete	hg19	1500000	816281				large	false	2026-04-06 11:39:32 IST		2026-04-06 11:39:32 IST	2026-04-06 12:56:59 IST	2026-04-07T11:39:32+05:30	4647
f072279b-c322-4505-9bc9-ea5086447f2e	1500000	4	2026-04-06 11:39:36 IST	complete	hg19	1500000	810758			2526ff6b-7dbc-4887-913f-82aa939e23cd	large	false	2026-04-06 11:39:36 IST		2026-04-06 11:39:36 IST	2026-04-06 12:58:22 IST	2026-04-07T11:39:36+05:30	4726
4e41ad33-3e7d-495c-89ee-5e013661e65f	1500000	5	2026-04-06 11:39:40 IST	complete	hg19	1500000	812392			38dacf17-bffd-416a-b053-62ff8b9ec887	large	false	2026-04-06 11:39:40 IST		2026-04-06 11:39:40 IST	2026-04-06 12:59:33 IST	2026-04-07T11:39:40+05:30	4793
bc6e8e4d-57cf-469b-985d-64443eaf1dec	1500000	6	2026-04-06 11:39:43 IST	complete	hg19	1500000	813822			3feaec6f-bcc9-4469-bad5-3e9023662f12	large	false	2026-04-06 11:39:43 IST		2026-04-06 11:39:43 IST	2026-04-06 13:00:53 IST	2026-04-07T11:39:43+05:30	4870
73a4369b-d6e5-444d-bc95-3606d130aa2f	1500000	7	2026-04-06 11:39:47 IST	complete	hg19	1500000	813206			13618cdd-d085-4ddb-9b7b-ce3b0259fa15	large	false	2026-04-06 11:39:47 IST		2026-04-06 11:39:47 IST	2026-04-06 13:02:11 IST	2026-04-07T11:39:47+05:30	4944
11dc3255-1a29-45c0-831f-96fd9029ba72	1500000	8	2026-04-06 11:39:51 IST	complete	hg19	1500000	818717			d0ecd00b-f76e-4707-b15a-37928d3b4576	large	false	2026-04-06 11:39:51 IST		2026-04-06 11:39:51 IST	2026-04-06 13:03:30 IST	2026-04-07T11:39:51+05:30	5019
021f5f31-362a-413d-954d-75a660878a9e	1500000	9	2026-04-06 11:39:54 IST	complete	hg19	1500000	816906			3f99881f-6287-45bf-b5df-6fb7824c3abb	large	false	2026-04-06 11:39:54 IST		2026-04-06 11:39:54 IST	2026-04-06 13:04:50 IST	2026-04-07T11:39:54+05:30	5096
a8b86f09-bba3-4022-98a2-c00bf50221bf	1500000	10	2026-04-06 11:39:58 IST	complete	hg19	1500000	810171			a4cd7d46-0860-49f8-a6c1-741362c7d400	large	false	2026-04-06 11:39:58 IST		2026-04-06 11:39:58 IST	2026-04-06 13:06:08 IST	2026-04-07T11:39:58+05:30	5170
1df062ff-9f8b-4370-8066-95034301b43c	1500000	11	2026-04-06 11:40:03 IST	complete	hg19	1500000	816666			039a6bbf-d7f3-4b5d-b5b4-46d2f3502b55	large	false	2026-04-06 11:40:03 IST		2026-04-06 11:40:03 IST	2026-04-06 13:07:27 IST	2026-04-07T11:40:03+05:30	5244
9fe4bfcc-d4ae-4868-a9db-0b0a926c757d	1500000	12	2026-04-06 11:40:07 IST	complete	hg19	1500000	818242				large	false	2026-04-06 11:40:07 IST		2026-04-06 11:40:07 IST	2026-04-06 13:08:40 IST	2026-04-07T11:40:07+05:30	5313
56df3224-d4c9-432f-892b-d042ba4503c2	1500000	13	2026-04-06 11:40:11 IST	complete	hg19	1500000	818686			6652c0f7-e808-4023-ae5a-d581937a8cf5	large	false	2026-04-06 11:40:11 IST		2026-04-06 11:40:11 IST	2026-04-06 13:10:02 IST	2026-04-07T11:40:11+05:30	5391
3b57561a-3846-4b5b-9ba5-3b72a9879c22	1500000	14	2026-04-06 11:40:15 IST	complete	hg19	1500000	812886			dca9ae1b-7ee9-4d43-8caa-6a15d3847e59	large	false	2026-04-06 11:40:15 IST		2026-04-06 11:40:15 IST	2026-04-06 13:11:21 IST	2026-04-07T11:40:15+05:30	5466
54c5d5cf-a6f8-47cc-ad2b-1389a457caea	10000000	0	2026-04-06 11:40:36 IST	complete	hg19	10000000	2556987				large	false	2026-04-06 11:40:36 IST		2026-04-06 11:40:36 IST	2026-04-06 13:15:32 IST	2026-04-07T11:40:36+05:30	5696
922749f6-466f-46b2-871b-9b8b81b59159	10000000	1	2026-04-06 11:41:00 IST	complete	hg19	10000000	4057678			d6051098-1619-4d9e-811c-babf796bebd5	large	false	2026-04-06 11:41:00 IST		2026-04-06 11:41:00 IST	2026-04-06 13:21:45 IST	2026-04-07T11:41:00+05:30	6045
5fb9fc29-18d0-4481-88b6-7a18915b6306	10000000	2	2026-04-06 11:41:26 IST	complete	hg19	10000000	3795054			8477a397-a5ee-4a6e-bf47-0b2072535736	large	false	2026-04-06 11:41:26 IST		2026-04-06 11:41:26 IST	2026-04-06 13:27:36 IST	2026-04-07T11:41:26+05:30	6370
48a8fcdf-64ab-4f3f-9c8c-60c99c2af92c	10000000	3	2026-04-06 11:41:51 IST	complete	hg19	10000000	3066320			f6124b28-2b4c-4b22-af96-260ecfbf5b96	large	false	2026-04-06 11:41:51 IST		2026-04-06 11:41:51 IST	2026-04-06 13:32:36 IST	2026-04-07T11:41:51+05:30	6645
2eba2848-ae9b-4c8d-8bb7-1ce43840a42a	10000000	4	2026-04-06 11:42:13 IST	complete	hg19	10000000	2559004			297ac726-143f-4d94-9fae-19d5319ec212	large	false	2026-04-06 11:42:13 IST		2026-04-06 11:42:13 IST	2026-04-06 13:36:48 IST	2026-04-07T11:42:13+05:30	6875
87f903e2-346a-42a1-acc6-a379da56842d	10000000	5	2026-04-06 11:42:38 IST	complete	hg19	10000000	4416128				large	false	2026-04-06 11:42:38 IST		2026-04-06 11:42:38 IST	2026-04-06 13:43:32 IST	2026-04-07T11:42:38+05:30	7254
5d986370-9cdd-4896-8b8c-5983cae0aedb	10000000	6	2026-04-06 11:43:01 IST	complete	hg19	10000000	3460089				large	false	2026-04-06 11:43:01 IST		2026-04-06 11:43:01 IST	2026-04-06 13:48:58 IST	2026-04-07T11:43:01+05:30	7557
aa9a5d0c-315b-4d89-8496-3477034d105e	10000000	7	2026-04-06 11:43:31 IST	complete	hg19	10000000	3562222				large	false	2026-04-06 11:43:31 IST		2026-04-06 11:43:31 IST	2026-04-06 13:54:33 IST	2026-04-07T11:43:31+05:30	7862
20f873e4-c7d8-45fd-b4a9-13dd1eeecb33	10000000	8	2026-04-06 11:43:53 IST	complete	hg19	10000000	3067777			385cd704-a9b3-43db-abac-c4f40af9b513	large	false	2026-04-06 11:43:53 IST		2026-04-06 11:43:53 IST	2026-04-06 13:59:29 IST	2026-04-07T11:43:53+05:30	8136
6add82a6-3f78-4d45-93d0-98ac24ff5152	10000000	9	2026-04-06 11:44:21 IST	complete	hg19	10000000	3065590				large	false	2026-04-06 11:44:20 IST		2026-04-06 11:44:20 IST	2026-04-06 14:04:23 IST	2026-04-07T11:44:20+05:30	8403
ee6e02e8-2c92-4970-8288-1b3547b49a48	10000000	10	2026-04-06 11:44:46 IST	complete	hg19	10000000	3064375			ea7bec61-1991-479d-a75e-848e7f1dfd58	large	false	2026-04-06 11:44:45 IST		2026-04-06 11:44:45 IST	2026-04-06 14:09:19 IST	2026-04-07T11:44:45+05:30	8674
c19b0a0a-2ea8-4a52-8bb5-c68045200909	10000000	11	2026-04-06 11:45:13 IST	complete	hg19	10000000	3067069			de52b0e1-8062-4888-bd25-6f49cb7cdca4	large	false	2026-04-06 11:45:13 IST		2026-04-06 11:45:13 IST	2026-04-06 14:14:13 IST	2026-04-07T11:45:13+05:30	8940
4e996909-850b-4faf-b89d-6698667c6032	10000000	12	2026-04-06 11:45:37 IST	complete	hg19	10000000	4579009			c5466327-8eb7-4639-b716-a18979d02c85	large	false	2026-04-06 11:45:37 IST		2026-04-06 11:45:37 IST	2026-04-06 14:21:12 IST	2026-04-07T11:45:37+05:30	9335
de2acb01-91fb-4e3e-acd7-590c7ff25158	10000000	13	2026-04-06 11:46:02 IST	complete	hg19	10000000	4353562			30c1d07a-1ba2-46be-a558-a7ad458f6f77	large	false	2026-04-06 11:46:02 IST		2026-04-06 11:46:02 IST	2026-04-06 14:28:48 IST	2026-04-07T11:46:02+05:30	9766
ec2ee095-94f5-44c8-a2f6-ff2c4302502e	1000000	0	2026-04-06 11:46:39 IST	complete	hg19	1000000	501422			20760966-40e5-4758-a8a3-f58cb559c47b	large	false	2026-04-06 11:46:39 IST		2026-04-06 11:46:39 IST	2026-04-06 14:27:55 IST	2026-04-07T11:46:39+05:30	9676
dbbe7079-74fd-4475-93bd-187fe93b923b	1000000	1	2026-04-06 11:46:42 IST	complete	hg19	1000000	501420				large	false	2026-04-06 11:46:42 IST		2026-04-06 11:46:42 IST	2026-04-06 14:29:37 IST	2026-04-07T11:46:42+05:30	9775
a869eac6-7a6b-4640-a0bd-cafad21b94c6	1000000	2	2026-04-06 11:46:45 IST	complete	hg19	1000000	501414			aa0c00cc-f19d-4bbb-8146-9f04b18fc956	large	false	2026-04-06 11:46:45 IST		2026-04-06 11:46:45 IST	2026-04-06 14:30:22 IST	2026-04-07T11:46:45+05:30	9817
057035fc-4a5a-4b1d-aac4-ee7961dc4480	1000000	3	2026-04-06 11:46:48 IST	complete	hg19	1000000	501426				large	false	2026-04-06 11:46:48 IST		2026-04-06 11:46:48 IST	2026-04-06 14:31:09 IST	2026-04-07T11:46:48+05:30	9861
762e88fc-88f6-4115-aec8-c6069e1bfe9a	1000000	4	2026-04-06 11:46:51 IST	complete	hg19	1000000	501421			a71f0bbc-3e58-44e6-bb8f-c7713a082f0e	large	false	2026-04-06 11:46:51 IST		2026-04-06 11:46:51 IST	2026-04-06 14:31:55 IST	2026-04-07T11:46:51+05:30	9904
3df3e609-1f09-4089-a2d8-69a84f3266ad	1000000	5	2026-04-06 11:46:54 IST	complete	hg19	1000000	501426			065521c5-7275-43aa-9a64-3ed2eed7e0d8	large	false	2026-04-06 11:46:54 IST		2026-04-06 11:46:54 IST	2026-04-06 14:33:46 IST	2026-04-07T11:46:54+05:30	10012
367c9914-85ce-4b53-a9bd-1f8609a8ab12	1000000	6	2026-04-06 11:46:57 IST	complete	hg19	1000000	501420			20577658-1bc9-4d60-9298-3dead3f5847d	large	false	2026-04-06 11:46:57 IST		2026-04-06 11:46:57 IST	2026-04-06 14:35:40 IST	2026-04-07T11:46:57+05:30	10123
53ba2df8-b2b5-4a5f-98dc-8b8ad6e31eb3	1000000	7	2026-04-06 11:46:59 IST	complete	hg19	1000000	501416			6b2e1c4d-45c3-42d8-a483-b4602f8a9c42	large	false	2026-04-06 11:46:59 IST		2026-04-06 11:46:59 IST	2026-04-06 14:37:38 IST	2026-04-07T11:46:59+05:30	10239
05f0689c-d8a0-43c5-a755-7596a8b53e85	10000000	14	2026-04-06 11:46:28 IST	complete	hg19	10000000	3522082				large	false	2026-04-06 11:46:28 IST		2026-04-06 11:46:28 IST	2026-04-06 14:40:27 IST	2026-04-07T11:46:28+05:30	10439
895889e9-0da4-409f-8022-2747df74ec3c	1000000	8	2026-04-06 11:47:02 IST	complete	hg19	1000000	501419			f4d3f3c8-3926-4690-b18c-828b5c4ec702	large	false	2026-04-06 11:47:02 IST		2026-04-06 11:47:02 IST	2026-04-06 14:39:29 IST	2026-04-07T11:47:02+05:30	10347
b6dfa8c2-b33b-42bf-8dd4-d9b6e376c13d	1000000	9	2026-04-06 11:47:05 IST	complete	hg19	1000000	501418			03c3a317-27db-4bdc-b402-449fbb08d93d	large	false	2026-04-06 11:47:05 IST		2026-04-06 11:47:05 IST	2026-04-06 14:41:10 IST	2026-04-07T11:47:05+05:30	10445
9dbe051d-bda7-46c4-926e-76a392cdba5d	1000000	10	2026-04-06 11:47:08 IST	complete	hg19	1000000	501418				large	false	2026-04-06 11:47:08 IST		2026-04-06 11:47:08 IST	2026-04-06 14:42:02 IST	2026-04-07T11:47:08+05:30	10494
10140d8a-6628-4a64-86ae-6142e7b8bbf6	1000000	11	2026-04-06 11:47:11 IST	complete	hg19	1000000	501424			40b704a4-71d0-4c93-89a3-af68ffcf78d9	large	false	2026-04-06 11:47:11 IST		2026-04-06 11:47:11 IST	2026-04-06 14:42:52 IST	2026-04-07T11:47:11+05:30	10541
7c709dc9-aa46-4ee8-89c3-3bd1f4653de4	1000000	12	2026-04-06 11:47:14 IST	complete	hg19	1000000	501420				large	false	2026-04-06 11:47:14 IST		2026-04-06 11:47:14 IST	2026-04-06 14:43:39 IST	2026-04-07T11:47:14+05:30	10585
c3c8c060-a34a-4916-a670-18e6ae6553c0	1000000	13	2026-04-06 11:47:16 IST	complete	hg19	1000000	501424			d87280a4-147b-41b5-99a5-99b5eec60ecb	large	false	2026-04-06 11:47:16 IST		2026-04-06 11:47:16 IST	2026-04-06 14:44:22 IST	2026-04-07T11:47:16+05:30	10626
72faf3f7-d697-471d-a3f9-f526366bd59a	1000000	14	2026-04-06 11:47:19 IST	complete	hg19	1000000	501415			0212916f-cfbf-4dee-8d2d-8bfe95d0ba3c	large	false	2026-04-06 11:47:19 IST		2026-04-06 11:47:19 IST	2026-04-06 14:46:21 IST	2026-04-07T11:47:19+05:30	10742
1c7b48b6-98fc-4602-823f-b2f980b9fd59	200000	0	2026-04-06 11:47:20 IST	complete	hg19	200000	186605			a9c1b68e-594d-4304-8a16-080d9d1fbc73	large	false	2026-04-06 11:47:20 IST		2026-04-06 11:47:20 IST	2026-04-06 14:45:00 IST	2026-04-07T11:47:20+05:30	10660
c1b220cc-f45c-4443-af8f-d6132128d2eb	200000	1	2026-04-06 11:47:21 IST	complete	hg19	200000	186605			9d6f9bcc-4bb4-466a-b4e0-eab4eadc1aa9	large	false	2026-04-06 11:47:21 IST		2026-04-06 11:47:21 IST	2026-04-06 14:45:04 IST	2026-04-07T11:47:21+05:30	10663
948e0f56-05d0-416b-8ab1-41f0718f05bc	200000	2	2026-04-06 11:47:21 IST	complete	hg19	200000	186605			66c4fcb2-7c91-477f-9977-c6d7d22041a6	large	false	2026-04-06 11:47:21 IST		2026-04-06 11:47:21 IST	2026-04-06 14:45:49 IST	2026-04-07T11:47:21+05:30	10708
c6fd5af3-6bf1-43d8-84e2-00ebd365a119	200000	3	2026-04-06 11:47:22 IST	complete	hg19	200000	186605			892d22a7-a1c9-40ee-b8b1-3a79b5e4ac47	large	false	2026-04-06 11:47:22 IST		2026-04-06 11:47:22 IST	2026-04-06 14:46:30 IST	2026-04-07T11:47:22+05:30	10748
25536d64-f361-42c7-9d45-647fa1d280fa	200000	4	2026-04-06 11:47:22 IST	complete	hg19	200000	186605			53ce342c-680e-4170-8560-f89e947aee4c	large	false	2026-04-06 11:47:22 IST		2026-04-06 11:47:22 IST	2026-04-06 14:46:58 IST	2026-04-07T11:47:22+05:30	10776
3d67492b-bcc5-45e4-8599-de2a49d7588c	200000	5	2026-04-06 11:47:23 IST	complete	hg19	200000	186605				large	false	2026-04-06 11:47:23 IST		2026-04-06 11:47:23 IST	2026-04-06 14:47:13 IST	2026-04-07T11:47:23+05:30	10790
a305630e-b6f9-4d36-bf19-2e891b3d1626	200000	6	2026-04-06 11:47:23 IST	complete	hg19	200000	186605			56bf8005-1bd6-487a-9d22-bc2fee08f961	large	false	2026-04-06 11:47:23 IST		2026-04-06 11:47:23 IST	2026-04-06 14:47:41 IST	2026-04-07T11:47:23+05:30	10818
51d1afa9-480f-46ce-948e-6e520876a679	200000	7	2026-04-06 11:47:24 IST	complete	hg19	200000	186605			85acb78d-251c-48ea-afc6-a4ec8733aedc	large	false	2026-04-06 11:47:24 IST		2026-04-06 11:47:24 IST	2026-04-06 14:47:59 IST	2026-04-07T11:47:24+05:30	10835
97e6ee27-899d-4479-b68a-fa66ffa132c0	200000	8	2026-04-06 11:47:24 IST	complete	hg19	200000	186605			942b2d66-93bb-4d75-bd99-98a146b88dbf	large	false	2026-04-06 11:47:24 IST		2026-04-06 11:47:24 IST	2026-04-06 14:48:14 IST	2026-04-07T11:47:24+05:30	10850
a3a6b11a-5085-4496-b613-140173306e68	200000	9	2026-04-06 11:47:25 IST	complete	hg19	200000	186605				large	false	2026-04-06 11:47:25 IST		2026-04-06 11:47:25 IST	2026-04-06 14:48:33 IST	2026-04-07T11:47:25+05:30	10868
a60b4076-d1cb-44e6-a6ae-6070c8daed70	200000	10	2026-04-06 11:47:25 IST	complete	hg19	200000	186605			b7ce6d8e-d0ff-4c24-bd1f-89d7674c6038	large	false	2026-04-06 11:47:25 IST		2026-04-06 11:47:25 IST	2026-04-06 14:48:54 IST	2026-04-07T11:47:25+05:30	10889
53267955-fb9e-4a21-a4a9-b07a62a6f6ef	200000	11	2026-04-06 11:47:26 IST	complete	hg19	200000	186605			12d971c8-1887-4fc3-b3d7-cc14b3701d9c	large	false	2026-04-06 11:47:26 IST		2026-04-06 11:47:26 IST	2026-04-06 14:49:11 IST	2026-04-07T11:47:26+05:30	10905
66d5bae9-0be4-4b85-ab71-0dd9b8bc2fee	200000	12	2026-04-06 11:47:26 IST	complete	hg19	200000	186605			9e331464-9c6a-4d84-9577-21acdff296ae	large	false	2026-04-06 11:47:26 IST		2026-04-06 11:47:26 IST	2026-04-06 14:49:36 IST	2026-04-07T11:47:26+05:30	10930
5ef3a4ab-5635-44c1-b143-373a3c196aaf	200000	13	2026-04-06 11:47:27 IST	complete	hg19	200000	186605			91f8c53b-cba2-4de9-b091-4294015734a3	large	false	2026-04-06 11:47:27 IST		2026-04-06 11:47:27 IST	2026-04-06 14:49:53 IST	2026-04-07T11:47:27+05:30	10946
edc6b8e6-c752-4a7f-ad46-d8628ee8cbf0	200000	14	2026-04-06 11:47:28 IST	complete	hg19	200000	186605				large	false	2026-04-06 11:47:28 IST		2026-04-06 11:47:28 IST	2026-04-06 14:50:15 IST	2026-04-07T11:47:28+05:30	10967
5db743b3-8c77-42e2-be83-7743336edf92	2000000	0	2026-04-06 11:47:34 IST	complete	hg19	2000000	987163			e15d63ab-b7c8-4bc0-b983-33e1d8230f35	large	false	2026-04-06 11:47:34 IST		2026-04-06 11:47:34 IST	2026-04-06 14:51:36 IST	2026-04-07T11:47:34+05:30	11042
1482db01-f18f-4228-a8de-646041b1b577	2000000	1	2026-04-06 11:47:40 IST	complete	hg19	2000000	960762			8f54f5bb-3593-4602-9450-877e2fd7bfba	large	false	2026-04-06 11:47:39 IST		2026-04-06 11:47:39 IST	2026-04-06 14:52:56 IST	2026-04-07T11:47:39+05:30	11117
da5e6760-7c90-402a-a34d-9e0f25783248	2000000	2	2026-04-06 11:47:45 IST	complete	hg19	2000000	1002422			e0c91fc8-2f3f-47b6-82bc-c747679f59b2	large	false	2026-04-06 11:47:45 IST		2026-04-06 11:47:45 IST	2026-04-06 14:54:28 IST	2026-04-07T11:47:45+05:30	11203
343bec1f-e88a-4f4c-9e8a-8d5fef7d8e26	2000000	3	2026-04-06 11:47:50 IST	complete	hg19	2000000	999220			f753da89-2cae-4523-8d94-482b0a91857b	large	false	2026-04-06 11:47:50 IST		2026-04-06 11:47:50 IST	2026-04-06 14:56:02 IST	2026-04-07T11:47:50+05:30	11292
789ca0e6-a192-4ec5-8378-7c5eb7ba7ef4	2000000	4	2026-04-06 11:47:54 IST	complete	hg19	2000000	987180			8735c6b3-1c9a-44c1-b687-f8da735e3085	large	false	2026-04-06 11:47:54 IST		2026-04-06 11:47:54 IST	2026-04-06 14:57:34 IST	2026-04-07T11:47:54+05:30	11380
2e8f02f5-902b-4226-b705-1b1722ff8a3b	2000000	5	2026-04-06 11:47:59 IST	complete	hg19	2000000	961211			b7caac2f-fcc5-49ad-8499-dd452953d841	large	false	2026-04-06 11:47:59 IST		2026-04-06 11:47:59 IST	2026-04-06 14:59:04 IST	2026-04-07T11:47:59+05:30	11465
753235c7-2770-4620-a725-73191e92f40a	2000000	6	2026-04-06 11:48:05 IST	complete	hg19	2000000	949476			7037a396-9d62-4435-ab40-0431f75ed7eb	large	false	2026-04-06 11:48:05 IST		2026-04-06 11:48:05 IST	2026-04-06 15:00:29 IST	2026-04-07T11:48:05+05:30	11544
613b21fe-4b80-4e9e-8dbc-d2ba927c5c7b	2000000	7	2026-04-06 11:48:10 IST	complete	hg19	2000000	998918			294a50c4-7564-485d-abeb-88d72f3068ef	large	false	2026-04-06 11:48:10 IST		2026-04-06 11:48:10 IST	2026-04-06 15:02:00 IST	2026-04-07T11:48:10+05:30	11630
3c11d0fc-09c7-4b1f-b7a7-950c5bdc67e6	2000000	8	2026-04-06 11:48:15 IST	complete	hg19	2000000	990050			dbba52a9-bf45-44bb-b6e1-0dd6624c1010	large	false	2026-04-06 11:48:15 IST		2026-04-06 11:48:15 IST	2026-04-06 15:03:32 IST	2026-04-07T11:48:15+05:30	11717
b895b959-71ae-4abd-90e5-11b362ab8e81	2000000	9	2026-04-06 11:48:20 IST	complete	hg19	2000000	999220			9fb1fc9a-32ce-415f-bf98-b320cee876a0	large	false	2026-04-06 11:48:20 IST		2026-04-06 11:48:20 IST	2026-04-06 15:05:04 IST	2026-04-07T11:48:20+05:30	11804
10b957f8-405b-411a-872c-dbfe77f6a539	2000000	10	2026-04-06 11:48:24 IST	complete	hg19	2000000	990661			90f8ca8c-4327-4b99-ab26-3a6b9219d84a	large	false	2026-04-06 11:48:24 IST		2026-04-06 11:48:24 IST	2026-04-06 15:06:33 IST	2026-04-07T11:48:24+05:30	11889
b23f1fc6-1b0e-43ff-baaa-77cb6e3edba3	2000000	11	2026-04-06 11:48:30 IST	complete	hg19	2000000	965195				large	false	2026-04-06 11:48:29 IST		2026-04-06 11:48:29 IST	2026-04-06 15:08:01 IST	2026-04-07T11:48:29+05:30	11972
1ad6b3e9-3027-4c8f-a0fe-ea8f158016cb	2000000	12	2026-04-06 11:48:34 IST	complete	hg19	2000000	956338			d498f72a-8293-4260-96cd-0e404968748f	large	false	2026-04-06 11:48:34 IST		2026-04-06 11:48:34 IST	2026-04-06 15:09:30 IST	2026-04-07T11:48:34+05:30	12056
87b21887-13fb-4c0f-bbcc-26b51074ec6e	2000000	13	2026-04-06 11:48:39 IST	complete	hg19	2000000	979996				large	false	2026-04-06 11:48:39 IST		2026-04-06 11:48:39 IST	2026-04-06 15:11:02 IST	2026-04-07T11:48:39+05:30	12143
c5689e0f-ad4f-4736-b4f2-7c3d74f3f13d	2000000	14	2026-04-06 11:48:44 IST	complete	hg19	2000000	987880			d8486584-04f6-473a-b58a-6e7023dabc85	large	false	2026-04-06 11:48:44 IST		2026-04-06 11:48:44 IST	2026-04-06 15:12:32 IST	2026-04-07T11:48:44+05:30	12228
