session_id	status	genome	variant_count	annotated_count	vcf_hash	error_message	celery_task_id	queue_name	from_cache	created_at	queued_at	started_at	completed_at	expires_at
d435cac0-6e0d-4e47-bdcc-a54629d9bcda	complete	hg19	100	88			3ee9b5fb-2959-469d-9de3-2621d7e22585	small	False	2026-04-06T15:40:16+05:30		2026-04-06T15:40:16+05:30	2026-04-06T15:40:16+05:30	2026-04-07T15:40:16+05:30
2c927dda-59b6-4e40-a493-18678fd4b41c	complete	hg19	100	88			5086bfe8-c77c-455e-acf3-0e0b96762232	small	False	2026-04-06T15:40:16+05:30		2026-04-06T15:40:16+05:30	2026-04-06T15:40:16+05:30	2026-04-07T15:40:16+05:30
a759b76e-291e-4e78-807c-c2f8e69c8fe4	processing	hg19	100	0			e3471403-294f-4d87-860c-2cd19bc5f45b	small	False	2026-04-06T15:40:16+05:30		2026-04-06T15:40:16+05:30		2026-04-07T15:40:16+05:30
6a23a8fa-4aba-41f5-9209-46f211161582	complete	hg19	100	88			b51adbc5-1390-4dfd-aafa-d366192a9cd2	small	False	2026-04-06T15:40:16+05:30		2026-04-06T15:40:16+05:30	2026-04-06T15:40:16+05:30	2026-04-07T15:40:16+05:30
cb1b7f8f-ad2c-4cd0-a1e1-8bdabf904ef5	complete	hg19	100	88			107553b3-4f03-46e6-a61d-851bcf9b8b53	small	False	2026-04-06T15:40:16+05:30		2026-04-06T15:40:16+05:30	2026-04-06T15:40:16+05:30	2026-04-07T15:40:16+05:30
2d7e7358-34ff-42b9-b9ff-dacde9636f0e	processing	hg19	100	0			35f885f3-e288-4fc0-9953-f0e25b3fd9d2	small	False	2026-04-06T15:40:16+05:30		2026-04-06T15:40:16+05:30		2026-04-07T15:40:16+05:30
dac5c5cf-ad99-46f3-b694-49212ad2f86a	complete	hg19	100	88				small	False	2026-04-06T15:40:16+05:30		2026-04-06T15:40:16+05:30	2026-04-06T15:40:16+05:30	2026-04-07T15:40:16+05:30
6139d611-6f09-4381-a764-56cd8280c1be	complete	hg19	100	88				small	False	2026-04-06T15:40:16+05:30		2026-04-06T15:40:16+05:30	2026-04-06T15:40:16+05:30	2026-04-07T15:40:16+05:30
e285b8db-e58a-4b42-91db-0a8521af487d	complete	hg19	100	88			4ec474a1-5bd7-4104-b9bd-39c3cd09953c	small	False	2026-04-06T15:40:16+05:30		2026-04-06T15:40:16+05:30	2026-04-06T15:40:16+05:30	2026-04-07T15:40:16+05:30
bacad4e5-4c8b-42bb-8a19-6bc2aad0f103	complete	hg19	100	88			38a8441a-fffa-42a9-9da9-f5d776c72f06	small	False	2026-04-06T15:40:16+05:30		2026-04-06T15:40:16+05:30	2026-04-06T15:40:17+05:30	2026-04-07T15:40:16+05:30
f1d37081-0b74-444f-ae1e-7874a3a84055	complete	hg19	100	88			d3eab4aa-722a-43cf-8e3c-63215b88bc15	small	False	2026-04-06T15:40:16+05:30		2026-04-06T15:40:16+05:30	2026-04-06T15:40:17+05:30	2026-04-07T15:40:16+05:30
45056fb8-f125-4b19-812a-888aac4a4de0	complete	hg19	100	88			fad77b02-59b5-49ad-bdc4-03c279f73486	small	False	2026-04-06T15:40:16+05:30		2026-04-06T15:40:16+05:30	2026-04-06T15:40:17+05:30	2026-04-07T15:40:16+05:30
c382b5bc-9ac7-49da-9e28-daf9b15b84c5	complete	hg19	100	88			dca1d366-8f75-4fdd-bcc4-d91a58d9c32b	small	False	2026-04-06T15:40:16+05:30		2026-04-06T15:40:16+05:30	2026-04-06T15:40:17+05:30	2026-04-07T15:40:16+05:30
4a2b70ec-cb64-47a7-9fca-9c238254e87c	complete	hg19	100	88			9a3c7a88-2f77-49f0-8da5-7a3c6cfa8945	small	False	2026-04-06T15:40:16+05:30		2026-04-06T15:40:16+05:30	2026-04-06T15:40:17+05:30	2026-04-07T15:40:16+05:30
ab58eaf7-08f8-4286-9d21-fabdb2105f81	complete	hg19	100	88			7d5e45bf-b3ae-4ae6-9e93-159843df71b0	small	False	2026-04-06T15:40:16+05:30		2026-04-06T15:40:16+05:30	2026-04-06T15:40:17+05:30	2026-04-07T15:40:16+05:30
a512f14e-a851-479b-a091-c0e192e06e5a	complete	hg19	200	185			16b28e3a-0625-4834-a78a-7c4183e8faf1	small	False	2026-04-06T15:40:16+05:30		2026-04-06T15:40:16+05:30	2026-04-06T15:40:17+05:30	2026-04-07T15:40:16+05:30
633822d1-351b-42c5-84b5-1f818b2c244d	complete	hg19	200	185				small	False	2026-04-06T15:40:16+05:30		2026-04-06T15:40:16+05:30	2026-04-06T15:40:17+05:30	2026-04-07T15:40:16+05:30
734ff66a-2b70-46d2-94e6-b9cb72c7fc79	complete	hg19	200	185			046f467b-3268-4db4-a4f6-7c23dcbbb590	small	False	2026-04-06T15:40:16+05:30		2026-04-06T15:40:16+05:30	2026-04-06T15:40:17+05:30	2026-04-07T15:40:16+05:30
ea9e861c-bd60-4f3e-9554-7ea86cc41181	complete	hg19	200	185			629ba725-5562-4512-927f-a22408ab1fe5	small	False	2026-04-06T15:40:17+05:30		2026-04-06T15:40:17+05:30	2026-04-06T15:40:17+05:30	2026-04-07T15:40:17+05:30
13e00e8d-f599-40f6-b489-f3df2a3152bc	complete	hg19	200	185			02dee960-82ab-4a05-89cb-e1964ec3534a	small	False	2026-04-06T15:40:17+05:30		2026-04-06T15:40:17+05:30	2026-04-06T15:40:17+05:30	2026-04-07T15:40:17+05:30
49577b9f-2666-4e7a-a773-6f75078a3c10	complete	hg19	200	185			fe997cd2-2d6b-44d1-b37e-603b3ce8859d	small	False	2026-04-06T15:40:17+05:30		2026-04-06T15:40:17+05:30	2026-04-06T15:40:17+05:30	2026-04-07T15:40:17+05:30
4fe635c7-eb63-4b9f-986b-2924eba4756a	complete	hg19	200	185			e95a8b09-f3d4-4857-a5bd-e2513826298f	small	False	2026-04-06T15:40:17+05:30		2026-04-06T15:40:17+05:30	2026-04-06T15:40:17+05:30	2026-04-07T15:40:17+05:30
48539fb4-0478-42f4-bfdc-26634ebddae5	complete	hg19	200	185				small	False	2026-04-06T15:40:17+05:30		2026-04-06T15:40:17+05:30	2026-04-06T15:40:17+05:30	2026-04-07T15:40:17+05:30
b8e413d7-1257-4478-b444-cefe50ee4eb0	complete	hg19	200	185			c0251ece-12c2-472d-a366-16cb883172e9	small	False	2026-04-06T15:40:17+05:30		2026-04-06T15:40:17+05:30	2026-04-06T15:40:17+05:30	2026-04-07T15:40:17+05:30
8bd0183b-2245-4487-b283-090c8a91133f	complete	hg19	200	185			75f8eed7-7812-4dd6-900e-63ee80672881	small	False	2026-04-06T15:40:17+05:30		2026-04-06T15:40:17+05:30	2026-04-06T15:40:17+05:30	2026-04-07T15:40:17+05:30
eabfede5-6eb0-4406-a312-21c610bf0191	complete	hg19	200	185			1915cb2f-8843-4394-bfab-bf0e399574db	small	False	2026-04-06T15:40:17+05:30		2026-04-06T15:40:17+05:30	2026-04-06T15:40:18+05:30	2026-04-07T15:40:17+05:30
389af9c3-b251-4293-abce-3968a5fb5d8d	complete	hg19	200	185				small	False	2026-04-06T15:40:17+05:30		2026-04-06T15:40:17+05:30	2026-04-06T15:40:18+05:30	2026-04-07T15:40:17+05:30
7781dc5d-d4ea-4286-831e-2cf38ce239f2	complete	hg19	200	185			6cb307a0-162f-4a88-bc8e-63f61d12cba6	small	False	2026-04-06T15:40:17+05:30		2026-04-06T15:40:17+05:30	2026-04-06T15:40:18+05:30	2026-04-07T15:40:17+05:30
35a51621-ae77-4b2d-a2f8-a519571ec7d2	processing	hg19	200	0			21880e90-e731-4687-91fb-d4f2eb323527	small	False	2026-04-06T15:40:17+05:30		2026-04-06T15:40:17+05:30		2026-04-07T15:40:17+05:30
31012b29-c545-46ea-9efc-c90b3f8146c7	complete	hg19	200	185			a0d99790-f9a4-4bbd-a30c-1ecf494f748a	small	False	2026-04-06T15:40:17+05:30		2026-04-06T15:40:17+05:30	2026-04-06T15:40:18+05:30	2026-04-07T15:40:17+05:30
b96862a3-0751-4be0-9ac6-9dd1205b9d88	complete	hg19	500	462				small	False	2026-04-06T15:40:17+05:30		2026-04-06T15:40:17+05:30	2026-04-06T15:40:18+05:30	2026-04-07T15:40:17+05:30
c5594ab9-aeaf-483f-9e89-a9879dd6c6f6	complete	hg19	500	462			958399c4-37bc-42bc-b6ca-bc1c8f0b9530	small	False	2026-04-06T15:40:17+05:30		2026-04-06T15:40:17+05:30	2026-04-06T15:40:19+05:30	2026-04-07T15:40:17+05:30
78de5777-a583-410e-98fc-2ad631cc9a97	complete	hg19	500	462				small	False	2026-04-06T15:40:17+05:30		2026-04-06T15:40:17+05:30	2026-04-06T15:40:19+05:30	2026-04-07T15:40:17+05:30
0df5fc7a-b441-49a5-acb5-6cbbfab91500	complete	hg19	500	462			c18c8890-c560-4afe-ada2-fbb73bfc9ba8	small	False	2026-04-06T15:40:17+05:30		2026-04-06T15:40:17+05:30	2026-04-06T15:40:19+05:30	2026-04-07T15:40:17+05:30
5eb98b1f-c5d2-41ec-bf2d-ac2298e79a10	complete	hg19	500	462			41066fd1-b0d9-410d-bc33-71c73288825f	small	False	2026-04-06T15:40:17+05:30		2026-04-06T15:40:17+05:30	2026-04-06T15:40:18+05:30	2026-04-07T15:40:17+05:30
b517d752-d29e-4236-b6f3-6a1c932d10f9	complete	hg19	500	462			32ee441e-81bf-48ee-aa42-37af5432b54e	small	False	2026-04-06T15:40:17+05:30		2026-04-06T15:40:17+05:30	2026-04-06T15:40:19+05:30	2026-04-07T15:40:17+05:30
4c871072-d7a6-4ecd-af80-0db796c755fb	complete	hg19	500	462			603c97d3-f67d-485c-9752-7b60c6e0e486	small	False	2026-04-06T15:40:17+05:30		2026-04-06T15:40:17+05:30	2026-04-06T15:40:19+05:30	2026-04-07T15:40:17+05:30
e575fe1b-1832-4c19-917a-527ce7dc5b20	complete	hg19	500	462			2b9c7717-e05b-4f80-8d38-cad0cf4b7a1d	small	False	2026-04-06T15:40:17+05:30		2026-04-06T15:40:17+05:30	2026-04-06T15:40:19+05:30	2026-04-07T15:40:17+05:30
0b80facc-bc47-483c-b8c3-430814ccaa2b	complete	hg19	500	462				small	False	2026-04-06T15:40:18+05:30		2026-04-06T15:40:18+05:30	2026-04-06T15:40:19+05:30	2026-04-07T15:40:18+05:30
45a6e5c0-2373-4b1a-ba46-62039869f668	complete	hg19	500	462				small	False	2026-04-06T15:40:18+05:30		2026-04-06T15:40:18+05:30	2026-04-06T15:40:19+05:30	2026-04-07T15:40:18+05:30
d1336c41-296a-4593-90de-61cb5575340b	complete	hg19	500	462			9bf22546-dd29-4a04-bd1d-5c3dc5394ab4	small	False	2026-04-06T15:40:18+05:30		2026-04-06T15:40:18+05:30	2026-04-06T15:40:19+05:30	2026-04-07T15:40:18+05:30
b8837ac5-35b9-499c-bb9b-8978d6518c5e	complete	hg19	500	462			0c58a202-9fbd-4fcf-a12d-2b9692341116	small	False	2026-04-06T15:40:18+05:30		2026-04-06T15:40:18+05:30	2026-04-06T15:40:19+05:30	2026-04-07T15:40:18+05:30
7017ab32-83da-43a2-a78f-864981750f3e	complete	hg19	500	462			19bbf730-67af-4ac3-a729-041bea30c93d	small	False	2026-04-06T15:40:18+05:30		2026-04-06T15:40:18+05:30	2026-04-06T15:40:20+05:30	2026-04-07T15:40:18+05:30
7bc03c81-77fe-4c35-b696-aefaad615c3e	complete	hg19	500	462			b4f07466-fa4f-4a2c-972c-6c6e1cbeef47	small	False	2026-04-06T15:40:18+05:30		2026-04-06T15:40:18+05:30	2026-04-06T15:40:20+05:30	2026-04-07T15:40:18+05:30
226ab6e0-e171-438a-a2a2-90148eff82ed	complete	hg19	500	462			2356bd03-82b5-42d4-9fa1-a7b7c370021e	small	False	2026-04-06T15:40:18+05:30		2026-04-06T15:40:18+05:30	2026-04-06T15:40:20+05:30	2026-04-07T15:40:18+05:30
84afe4fc-1b82-4207-9aa7-562a3439ab7a	complete	hg19	1000	941			a81ab256-9470-4e3d-bc66-614d9ed37dc3	small	False	2026-04-06T15:40:18+05:30		2026-04-06T15:40:18+05:30	2026-04-06T15:40:21+05:30	2026-04-07T15:40:18+05:30
5d71dd51-c695-4b75-9cd8-6e1aa33a0102	complete	hg19	1000	941			ae614840-d0f7-4647-8f74-520f4b099940	small	False	2026-04-06T15:40:18+05:30		2026-04-06T15:40:18+05:30	2026-04-06T15:40:21+05:30	2026-04-07T15:40:18+05:30
97d1d733-23d4-4c88-9446-a7ed80453a0e	complete	hg19	1000	941				small	False	2026-04-06T15:40:18+05:30		2026-04-06T15:40:18+05:30	2026-04-06T15:40:21+05:30	2026-04-07T15:40:18+05:30
ccf103c8-997d-40b2-95d2-e8bcb321e236	complete	hg19	1000	941			f3c1db87-bb7f-4991-a617-89b8ccacc00b	small	False	2026-04-06T15:40:18+05:30		2026-04-06T15:40:18+05:30	2026-04-06T15:40:21+05:30	2026-04-07T15:40:18+05:30
726fbc7d-96b9-4243-8105-2c4ced1d0791	complete	hg19	1000	941			b84c3499-b876-422c-b8e6-8c202117ac48	small	False	2026-04-06T15:40:18+05:30		2026-04-06T15:40:18+05:30	2026-04-06T15:40:22+05:30	2026-04-07T15:40:18+05:30
ac2ae1d3-7ea1-4a22-84ae-801b96ae20c2	complete	hg19	1000	941			61808912-c0ea-4a86-aa7e-3b21019243a1	small	False	2026-04-06T15:40:18+05:30		2026-04-06T15:40:18+05:30	2026-04-06T15:40:22+05:30	2026-04-07T15:40:18+05:30
9ad09f46-f344-4830-9e31-7b01b7170ee6	complete	hg19	1000	941			899a3a5c-95c1-496f-ac1f-f1fed8d88083	small	False	2026-04-06T15:40:18+05:30		2026-04-06T15:40:18+05:30	2026-04-06T15:40:21+05:30	2026-04-07T15:40:18+05:30
64f09d26-bfe8-48cf-af14-bae26f7f8317	complete	hg19	1000	941				small	False	2026-04-06T15:40:18+05:30		2026-04-06T15:40:18+05:30	2026-04-06T15:40:22+05:30	2026-04-07T15:40:18+05:30
ba9446a3-9aa1-4084-a13d-72d3eaa992c2	complete	hg19	1000	941				small	False	2026-04-06T15:40:18+05:30		2026-04-06T15:40:18+05:30	2026-04-06T15:40:22+05:30	2026-04-07T15:40:18+05:30
ae608f2c-7368-46d1-8c64-5a4168faef39	complete	hg19	1000	941			21af839f-85d8-4510-b500-714dab20ad3a	small	False	2026-04-06T15:40:18+05:30		2026-04-06T15:40:18+05:30	2026-04-06T15:40:22+05:30	2026-04-07T15:40:18+05:30
15405f5b-b022-4685-bce9-9ca4e9264e7e	complete	hg19	1000	941			2956c6c0-e738-44d4-b5f0-58c7c0fc163a	small	False	2026-04-06T15:40:18+05:30		2026-04-06T15:40:18+05:30	2026-04-06T15:40:23+05:30	2026-04-07T15:40:18+05:30
cc50a2c5-2152-4347-ae7c-c3de15de5fb5	complete	hg19	1000	941			a9f15f6a-a529-41dc-a17a-6157d6e94efe	small	False	2026-04-06T15:40:18+05:30		2026-04-06T15:40:18+05:30	2026-04-06T15:40:23+05:30	2026-04-07T15:40:18+05:30
b808f55f-22a9-4417-a7c6-138dda434037	complete	hg19	1000	941			54b8fa2f-0ae8-4e3f-bc8a-9bf498a2258c	small	False	2026-04-06T15:40:18+05:30		2026-04-06T15:40:18+05:30	2026-04-06T15:40:23+05:30	2026-04-07T15:40:18+05:30
f21c8c15-1aff-4780-9bae-70df3fc323e4	complete	hg19	1000	941			dda8d229-eca9-4564-99fa-49f46ddfdd8b	small	False	2026-04-06T15:40:18+05:30		2026-04-06T15:40:18+05:30	2026-04-06T15:40:23+05:30	2026-04-07T15:40:18+05:30
7a461e7a-f2fe-4396-8d3c-057b43d7bc7c	complete	hg19	1000	941			60e20f2f-d323-48cc-8847-8c218c101834	small	False	2026-04-06T15:40:18+05:30		2026-04-06T15:40:18+05:30	2026-04-06T15:40:23+05:30	2026-04-07T15:40:18+05:30
9836a289-2895-42db-821f-d45e04f5128c	complete	hg19	1500	1387			2f0d5f62-4fbe-439d-903c-a7298efce1bf	small	False	2026-04-06T15:40:19+05:30		2026-04-06T15:40:19+05:30	2026-04-06T15:40:25+05:30	2026-04-07T15:40:19+05:30
9f7a7dc8-503b-4143-8b2b-05e57d1254c5	complete	hg19	1500	1387			1ee039a4-ebed-45ee-b585-50e9f9c1be32	small	False	2026-04-06T15:40:19+05:30		2026-04-06T15:40:19+05:30	2026-04-06T15:40:25+05:30	2026-04-07T15:40:19+05:30
a968609b-d718-436f-8110-aeb3e16505e9	complete	hg19	1500	1387			6b769b97-84cd-43df-8e8c-bd408237f29f	small	False	2026-04-06T15:40:19+05:30		2026-04-06T15:40:19+05:30	2026-04-06T15:40:25+05:30	2026-04-07T15:40:19+05:30
3f3d740c-9da1-4a0c-94d6-7f845ec3a6ec	complete	hg19	1500	1387			aa0b7ae7-dc9e-4cf7-82b5-f603829850b9	small	False	2026-04-06T15:40:19+05:30		2026-04-06T15:40:19+05:30	2026-04-06T15:40:25+05:30	2026-04-07T15:40:19+05:30
856f782b-34af-4aea-8a57-fb4620fec99c	complete	hg19	1500	1387				small	False	2026-04-06T15:40:19+05:30		2026-04-06T15:40:19+05:30	2026-04-06T15:40:25+05:30	2026-04-07T15:40:19+05:30
d57c4d82-18c4-4824-9fdd-1517006fa682	complete	hg19	1500	1387			5c2f256d-ad6c-42cb-b4d3-0c404fd83e90	small	False	2026-04-06T15:40:19+05:30		2026-04-06T15:40:19+05:30	2026-04-06T15:40:26+05:30	2026-04-07T15:40:19+05:30
3c90fbef-9709-418a-ab21-2783c3bf4484	complete	hg19	1500	1387			a8cf84a0-409d-46c4-8f4c-30c6b7c5ee01	small	False	2026-04-06T15:40:19+05:30		2026-04-06T15:40:19+05:30	2026-04-06T15:40:26+05:30	2026-04-07T15:40:19+05:30
11713185-bd8a-42fb-9981-a5c2852d3bab	complete	hg19	1500	1387			f9e48747-04b5-4ee6-b789-5e0aed6bff84	small	False	2026-04-06T15:40:19+05:30		2026-04-06T15:40:19+05:30	2026-04-06T15:40:27+05:30	2026-04-07T15:40:19+05:30
6eecf1db-b163-40b0-9f1d-0b711d7a6fc6	complete	hg19	1500	1387			47fb7575-4932-41d3-b268-aacca9c8bb79	small	False	2026-04-06T15:40:19+05:30		2026-04-06T15:40:19+05:30	2026-04-06T15:40:27+05:30	2026-04-07T15:40:19+05:30
25d8e3f4-67ad-4b3d-9bd2-a2e0c9a89f55	complete	hg19	1500	1387			60658867-3605-47a6-9586-4d0b18f75635	small	False	2026-04-06T15:40:19+05:30		2026-04-06T15:40:19+05:30	2026-04-06T15:40:26+05:30	2026-04-07T15:40:19+05:30
e7c21b29-0573-4d5d-a832-f1a53ecef0a6	complete	hg19	1500	1387			5b72aad7-e229-438e-9297-d554e5c27df7	small	False	2026-04-06T15:40:19+05:30		2026-04-06T15:40:19+05:30	2026-04-06T15:40:28+05:30	2026-04-07T15:40:19+05:30
367b8fae-2eca-44aa-b658-f0dbd6141db1	complete	hg19	1500	1387			2860309c-8a1c-4431-874f-83cb19261b6c	small	False	2026-04-06T15:40:19+05:30		2026-04-06T15:40:19+05:30	2026-04-06T15:40:28+05:30	2026-04-07T15:40:19+05:30
c46c1630-d3e3-4ee7-8524-059546956c42	complete	hg19	1500	1387				small	False	2026-04-06T15:40:19+05:30		2026-04-06T15:40:19+05:30	2026-04-06T15:40:28+05:30	2026-04-07T15:40:19+05:30
2867e068-b957-429a-a372-c1a0bfd7d1c5	complete	hg19	1500	1387			b2f8e667-266b-468e-8a4c-449ed290aa42	small	False	2026-04-06T15:40:19+05:30		2026-04-06T15:40:19+05:30	2026-04-06T15:40:28+05:30	2026-04-07T15:40:19+05:30
ad87d886-0c0d-486e-b463-5a9f01ab0786	complete	hg19	1500	1387			c88081fb-93b6-4f7c-84d1-89f9ebf1375e	small	False	2026-04-06T15:40:19+05:30		2026-04-06T15:40:19+05:30	2026-04-06T15:40:28+05:30	2026-04-07T15:40:19+05:30
a5cba05d-7743-4127-9803-db3233a18371	complete	hg19	2000	1860			cf386f60-b75f-4c27-9ed4-ad3d2c7538a4	small	False	2026-04-06T15:40:19+05:30		2026-04-06T15:40:19+05:30	2026-04-06T15:40:32+05:30	2026-04-07T15:40:19+05:30
5a7dec44-2266-4332-af4d-b31b89c85200	complete	hg19	2000	1860			a5699c30-b953-4615-82ed-2b291997e965	small	False	2026-04-06T15:40:19+05:30		2026-04-06T15:40:19+05:30	2026-04-06T15:40:32+05:30	2026-04-07T15:40:19+05:30
22ffce0a-161b-441b-a4db-8b869f9bee92	complete	hg19	2000	1860			3388fc62-38ec-440c-b43c-5f30cf5fc71a	small	False	2026-04-06T15:40:19+05:30		2026-04-06T15:40:19+05:30	2026-04-06T15:40:32+05:30	2026-04-07T15:40:19+05:30
2151543d-bfcb-476c-bd2e-4ecebd6027dc	complete	hg19	2000	1860			e27628a2-6332-4462-aa17-24c403114f7b	small	False	2026-04-06T15:40:19+05:30		2026-04-06T15:40:19+05:30	2026-04-06T15:40:33+05:30	2026-04-07T15:40:19+05:30
1141b0dd-9277-42b5-bdd3-be42137d43b3	complete	hg19	2000	1860			72392241-544d-4f3e-b0e4-cbfdd981e148	small	False	2026-04-06T15:40:20+05:30		2026-04-06T15:40:20+05:30	2026-04-06T15:40:33+05:30	2026-04-07T15:40:20+05:30
b5194625-f270-4ae8-82de-28e9526c9406	complete	hg19	2000	1860			2fc0733a-4900-44b8-be90-0a52e93150ab	small	False	2026-04-06T15:40:20+05:30		2026-04-06T15:40:20+05:30	2026-04-06T15:40:33+05:30	2026-04-07T15:40:20+05:30
eb59ba89-0040-43bd-8bc9-b1615ff66a45	complete	hg19	2000	1860			5db86588-b83f-4339-8cf6-c1c188cb026f	small	False	2026-04-06T15:40:20+05:30		2026-04-06T15:40:20+05:30	2026-04-06T15:40:34+05:30	2026-04-07T15:40:20+05:30
e1b1a44a-6000-4486-801c-3d35c2faff61	complete	hg19	2000	1860			ddcf06f3-e519-4cd6-be4b-2ec6f971b38c	small	False	2026-04-06T15:40:20+05:30		2026-04-06T15:40:20+05:30	2026-04-06T15:40:34+05:30	2026-04-07T15:40:20+05:30
43656820-dc31-44f0-bb5d-a6b1de512d58	complete	hg19	2000	1860			61b8472f-d200-4738-8abd-b5423fa7ad2e	small	False	2026-04-06T15:40:20+05:30		2026-04-06T15:40:20+05:30	2026-04-06T15:40:34+05:30	2026-04-07T15:40:20+05:30
accff956-ce96-45ff-861e-4b1331290119	complete	hg19	2000	1860			fe6eda68-8c5a-4215-aa32-b9d5953951bc	small	False	2026-04-06T15:40:20+05:30		2026-04-06T15:40:20+05:30	2026-04-06T15:40:35+05:30	2026-04-07T15:40:20+05:30
1683f5ae-affa-4097-a0c2-2a5c30f9c19d	complete	hg19	2000	1860			9f8a2518-b8ef-4343-ab69-6549c493680e	small	False	2026-04-06T15:40:20+05:30		2026-04-06T15:40:20+05:30	2026-04-06T15:40:37+05:30	2026-04-07T15:40:20+05:30
bfa494dd-9f09-44b1-adbe-e6db73257807	complete	hg19	2000	1860			00b9beb5-f806-49bc-be39-266a3f121dd0	small	False	2026-04-06T15:40:20+05:30		2026-04-06T15:40:20+05:30	2026-04-06T15:40:37+05:30	2026-04-07T15:40:20+05:30
0a04215e-f23a-4550-aeee-61b3359f3d08	complete	hg19	2000	1860			aaa77868-c2a8-4761-9d01-442ea9536692	small	False	2026-04-06T15:40:20+05:30		2026-04-06T15:40:20+05:30	2026-04-06T15:40:38+05:30	2026-04-07T15:40:20+05:30
2c51b424-d831-4887-bc4b-d8e5462e2469	complete	hg19	2000	1860			6617b22a-7fcf-4368-83fb-723892356499	small	False	2026-04-06T15:40:20+05:30		2026-04-06T15:40:20+05:30	2026-04-06T15:40:39+05:30	2026-04-07T15:40:20+05:30
d7b49c8c-336a-43fe-a811-03b959667557	complete	hg19	2000	1860			40679769-5a89-4f32-bb8d-957dbcc323cc	small	False	2026-04-06T15:40:20+05:30		2026-04-06T15:40:20+05:30	2026-04-06T15:40:38+05:30	2026-04-07T15:40:20+05:30
bee95588-013b-4f62-b5d9-f1e0ffd35401	complete	hg19	5000	4669			77b98191-2887-494d-b520-7ec781a2f0a4	small	False	2026-04-06T15:40:20+05:30		2026-04-06T15:40:20+05:30	2026-04-06T15:40:53+05:30	2026-04-07T15:40:20+05:30
37986892-85cd-4419-9e65-1a1bc2af1919	complete	hg19	5000	4669			52e02932-2705-4dd2-85db-906ab6f60933	small	False	2026-04-06T15:40:20+05:30		2026-04-06T15:40:20+05:30	2026-04-06T15:40:53+05:30	2026-04-07T15:40:20+05:30
50758af2-ca67-453f-b514-c6696ef40296	complete	hg19	5000	4669			8e15d0f6-fb52-4ed3-9e59-cbf8beb323a3	small	False	2026-04-06T15:40:20+05:30		2026-04-06T15:40:20+05:30	2026-04-06T15:40:53+05:30	2026-04-07T15:40:20+05:30
867891eb-c479-4585-846a-b8085ed024f1	complete	hg19	5000	4669			10d189c8-8bc0-4b32-a816-8bd25d75af32	small	False	2026-04-06T15:40:20+05:30		2026-04-06T15:40:20+05:30	2026-04-06T15:40:55+05:30	2026-04-07T15:40:20+05:30
1e8b264f-8156-4029-85c9-cefce4d4dbbe	complete	hg19	5000	4669			f5dddf95-a8a6-41a9-a094-301fb5ef12c8	small	False	2026-04-06T15:40:20+05:30		2026-04-06T15:40:20+05:30	2026-04-06T15:40:54+05:30	2026-04-07T15:40:20+05:30
1166231b-5842-4ffa-abd4-41442ccfea83	complete	hg19	5000	4669			af5bdc38-a6db-4645-98dc-61f8dfe41393	small	False	2026-04-06T15:40:20+05:30		2026-04-06T15:40:20+05:30	2026-04-06T15:40:54+05:30	2026-04-07T15:40:20+05:30
1ed03065-178e-4878-9af9-4e1800eb15af	complete	hg19	5000	4669			e3d1fe3e-bf99-4ab6-844a-b0c60808050f	small	False	2026-04-06T15:40:20+05:30		2026-04-06T15:40:20+05:30	2026-04-06T15:40:54+05:30	2026-04-07T15:40:20+05:30
fb6beb2e-d3b4-465d-9407-ebe643a5f3ba	complete	hg19	5000	4669				small	False	2026-04-06T15:40:20+05:30		2026-04-06T15:40:21+05:30	2026-04-06T15:40:55+05:30	2026-04-07T15:40:20+05:30
eb8618d6-19ef-4615-be99-ce1f94ec24bd	complete	hg19	5000	4669			31ad6783-d010-48fa-a5b0-80e2705ae6ce	small	False	2026-04-06T15:40:21+05:30		2026-04-06T15:40:21+05:30	2026-04-06T15:40:55+05:30	2026-04-07T15:40:21+05:30
b173ddc8-3e75-42c1-9f69-100a72f14354	complete	hg19	5000	4669			2c2896e3-b36c-4bd5-8ed3-65fdbed1f5c1	small	False	2026-04-06T15:40:21+05:30		2026-04-06T15:40:21+05:30	2026-04-06T15:40:55+05:30	2026-04-07T15:40:21+05:30
d63ee240-a7ad-49ab-a160-e658ecaee95a	complete	hg19	5000	4669			ba27f5f5-7a03-4a0d-adc0-772d97a0fcad	small	False	2026-04-06T15:40:21+05:30		2026-04-06T15:40:21+05:30	2026-04-06T15:41:06+05:30	2026-04-07T15:40:21+05:30
21ae5f6e-ee6f-4496-8f5f-02e32309a939	complete	hg19	5000	4669			8ffbdd3c-0d05-4824-84e2-91f029ded669	small	False	2026-04-06T15:40:21+05:30		2026-04-06T15:40:21+05:30	2026-04-06T15:41:11+05:30	2026-04-07T15:40:21+05:30
de48ea02-6748-4806-827c-53d2c2c634c8	complete	hg19	5000	4669			778c41de-cd37-4b9c-99f7-f09a51c4f856	small	False	2026-04-06T15:40:21+05:30		2026-04-06T15:40:21+05:30	2026-04-06T15:41:10+05:30	2026-04-07T15:40:21+05:30
70d8b811-2134-497c-a0c5-0a4a3d0574a8	complete	hg19	5000	4669			5a62e6c8-e91b-407c-9471-e908adbb3b81	small	False	2026-04-06T15:40:21+05:30		2026-04-06T15:40:21+05:30	2026-04-06T15:41:08+05:30	2026-04-07T15:40:21+05:30
b820b8c6-3daf-414f-b2fc-99d48c1e4d51	complete	hg19	5000	4669			9e26da4b-21df-4abe-9d93-da91eba5c6bd	small	False	2026-04-06T15:40:21+05:30		2026-04-06T15:40:21+05:30	2026-04-06T15:41:11+05:30	2026-04-07T15:40:21+05:30
3441396f-7b2d-44bb-9117-3735f51f275f	complete	hg19	10000	9374			674be875-ba44-4816-9cc4-b5ff316a78cc	small	False	2026-04-06T15:40:21+05:30		2026-04-06T15:40:21+05:30	2026-04-06T15:41:33+05:30	2026-04-07T15:40:21+05:30
193cfbbf-89c6-44ee-b136-024ea90d24f5	complete	hg19	10000	9374			77e6ee0e-c43a-4f9b-9d64-25c087565980	small	False	2026-04-06T15:40:21+05:30		2026-04-06T15:40:21+05:30	2026-04-06T15:41:34+05:30	2026-04-07T15:40:21+05:30
daa3cd65-4b86-495d-bed9-ab8f2a9f79e1	complete	hg19	10000	9374			3d6713ef-0cd0-444d-9621-ce1a0ab83a6c	small	False	2026-04-06T15:40:21+05:30		2026-04-06T15:40:21+05:30	2026-04-06T15:41:34+05:30	2026-04-07T15:40:21+05:30
3847a7cf-836c-42fa-83a0-e6309b650fe7	complete	hg19	10000	9374			5e5d954f-3d03-4bda-8fe9-9dbc0450ca80	small	False	2026-04-06T15:40:21+05:30		2026-04-06T15:40:21+05:30	2026-04-06T15:41:37+05:30	2026-04-07T15:40:21+05:30
333d410d-3699-4fd6-b7df-3593c0c84e6c	complete	hg19	10000	9374			caa11210-5801-4500-af18-b24396319a0e	small	False	2026-04-06T15:40:21+05:30		2026-04-06T15:40:21+05:30	2026-04-06T15:41:37+05:30	2026-04-07T15:40:21+05:30
7978c359-8766-464a-a0d2-42a4fa22c5a2	complete	hg19	10000	9374			8cf83c51-d598-4161-aec9-e86405a1b80f	small	False	2026-04-06T15:40:21+05:30		2026-04-06T15:40:21+05:30	2026-04-06T15:41:39+05:30	2026-04-07T15:40:21+05:30
cca48239-3099-4473-b7e4-d8f694dd104e	complete	hg19	10000	9374			d8620e6f-d5ea-496f-b18d-2236826fc3b4	small	False	2026-04-06T15:40:21+05:30		2026-04-06T15:40:21+05:30	2026-04-06T15:41:38+05:30	2026-04-07T15:40:21+05:30
54b7e2ad-b387-416b-bb2c-5ad1a92e49c0	complete	hg19	10000	9374				small	False	2026-04-06T15:40:21+05:30		2026-04-06T15:40:21+05:30	2026-04-06T15:41:43+05:30	2026-04-07T15:40:21+05:30
68e81067-5163-4df5-8fb5-4c68eca0bc83	complete	hg19	10000	9374			6b7f752e-58e9-4886-ba52-2320ce97d752	small	False	2026-04-06T15:40:22+05:30		2026-04-06T15:40:22+05:30	2026-04-06T15:41:44+05:30	2026-04-07T15:40:22+05:30
6b1bee3b-d13a-4d0c-b9d0-bd1cfd3dbe60	complete	hg19	10000	9374			e7beba9d-f3bc-4fe5-afab-96538ceb7d9a	small	False	2026-04-06T15:40:22+05:30		2026-04-06T15:40:22+05:30	2026-04-06T15:41:48+05:30	2026-04-07T15:40:22+05:30
d0a98505-a7dd-4bc8-9e25-c923f436f930	complete	hg19	10000	9374				small	False	2026-04-06T15:40:22+05:30		2026-04-06T15:40:22+05:30	2026-04-06T15:42:03+05:30	2026-04-07T15:40:22+05:30
dd7746e7-da09-4da3-8ca2-eaa2485c6041	complete	hg19	10000	9374			ea878134-21ab-4359-8772-1b86996b563f	small	False	2026-04-06T15:40:22+05:30		2026-04-06T15:40:22+05:30	2026-04-06T15:42:07+05:30	2026-04-07T15:40:22+05:30
071ef3a0-5c03-4226-abdc-f321a8774b2c	complete	hg19	10000	9374				small	False	2026-04-06T15:40:22+05:30		2026-04-06T15:40:22+05:30	2026-04-06T15:42:03+05:30	2026-04-07T15:40:22+05:30
da5fe69c-3cec-4a73-b089-bef404158475	complete	hg19	10000	9374				small	False	2026-04-06T15:40:22+05:30		2026-04-06T15:40:22+05:30	2026-04-06T15:42:03+05:30	2026-04-07T15:40:22+05:30
51450900-170f-4e2a-b0ac-a92c14ec6edc	complete	hg19	10000	9374			870325dc-a16a-4975-a687-07df68b2be1d	small	False	2026-04-06T15:40:22+05:30		2026-04-06T15:40:22+05:30	2026-04-06T15:42:05+05:30	2026-04-07T15:40:22+05:30
7a183206-95b6-4fe8-ad8e-d3c385039b26	complete	hg19	20000	18678			d7280885-0d93-4c00-aa84-e17208e60702	small	False	2026-04-06T15:40:22+05:30		2026-04-06T15:40:22+05:30	2026-04-06T15:42:28+05:30	2026-04-07T15:40:22+05:30
a3d9ef7f-d76b-428e-9ea9-97ee9dcb15ec	complete	hg19	20000	18678			fda1bd32-9b48-4ff5-88e1-ce381774d67c	small	False	2026-04-06T15:40:22+05:30		2026-04-06T15:40:22+05:30	2026-04-06T15:42:30+05:30	2026-04-07T15:40:22+05:30
aab6c887-d8c2-437a-b993-61f470d7e854	complete	hg19	20000	18678				small	False	2026-04-06T15:40:22+05:30		2026-04-06T15:40:22+05:30	2026-04-06T15:42:31+05:30	2026-04-07T15:40:22+05:30
65c079a8-b642-43fb-b37a-c284ac077b1f	complete	hg19	20000	18678			5137ba48-b2ec-4a1e-a3a7-354dc2a2f37a	small	False	2026-04-06T15:40:22+05:30		2026-04-06T15:40:22+05:30	2026-04-06T15:42:35+05:30	2026-04-07T15:40:22+05:30
8a9ff43c-3f03-47a9-8f43-385769e6902b	complete	hg19	20000	18678				small	False	2026-04-06T15:40:23+05:30		2026-04-06T15:40:23+05:30	2026-04-06T15:42:35+05:30	2026-04-07T15:40:23+05:30
c8187c54-f931-42a4-ad6b-0c504211729c	complete	hg19	20000	18678			4febf2d7-36c1-4ce8-93fb-e78b7a494be2	small	False	2026-04-06T15:40:23+05:30		2026-04-06T15:40:23+05:30	2026-04-06T15:42:45+05:30	2026-04-07T15:40:23+05:30
3fadb355-b206-410e-acd1-acfe9bcefd39	complete	hg19	20000	18678			9be691ae-c6d6-4b6a-8273-01c9ea386a72	small	False	2026-04-06T15:40:23+05:30		2026-04-06T15:40:23+05:30	2026-04-06T15:42:45+05:30	2026-04-07T15:40:23+05:30
a09eb6f8-c93c-4203-8ed3-4bcad7989ef1	complete	hg19	20000	18678			77f20f40-8e4e-4af4-8ab3-9d832958f399	small	False	2026-04-06T15:40:23+05:30		2026-04-06T15:40:23+05:30	2026-04-06T15:42:45+05:30	2026-04-07T15:40:23+05:30
fc7191b1-cdbd-4c21-b820-0e6448743ddf	complete	hg19	20000	18678			83d59cd9-4808-48fa-bdb7-6244861e4060	small	False	2026-04-06T15:40:23+05:30		2026-04-06T15:40:23+05:30	2026-04-06T15:42:51+05:30	2026-04-07T15:40:23+05:30
7238f58e-e621-4d20-9883-9b1fc08b744f	complete	hg19	20000	18678			958b0a22-c4d1-4b0c-9f83-a17d39452459	small	False	2026-04-06T15:40:23+05:30		2026-04-06T15:40:23+05:30	2026-04-06T15:42:49+05:30	2026-04-07T15:40:23+05:30
b7cd6619-2885-442c-a0a5-429d848059f5	complete	hg19	20000	18678				small	False	2026-04-06T15:40:23+05:30		2026-04-06T15:40:23+05:30	2026-04-06T15:43:06+05:30	2026-04-07T15:40:23+05:30
c2250593-79c7-41ea-8344-116c1d5ded8b	complete	hg19	20000	18678			94cefbf6-2e46-4e00-8073-16da9f67fe0f	small	False	2026-04-06T15:40:23+05:30		2026-04-06T15:40:23+05:30	2026-04-06T15:43:17+05:30	2026-04-07T15:40:23+05:30
a0422c30-e032-45b2-ae24-ae3b4beadaee	complete	hg19	20000	18678			4db4b247-c811-43e7-8d8d-3aefae77800e	small	False	2026-04-06T15:40:23+05:30		2026-04-06T15:40:23+05:30	2026-04-06T15:43:08+05:30	2026-04-07T15:40:23+05:30
6e363627-c0bb-4f03-bc93-6f0fad0c03cb	complete	hg19	20000	18678				small	False	2026-04-06T15:40:23+05:30		2026-04-06T15:40:23+05:30	2026-04-06T15:43:14+05:30	2026-04-07T15:40:23+05:30
9c66feea-aace-4723-a5eb-6de2520de4ee	complete	hg19	20000	18678				small	False	2026-04-06T15:40:23+05:30		2026-04-06T15:40:24+05:30	2026-04-06T15:43:22+05:30	2026-04-07T15:40:23+05:30
b2ca8c71-b166-493a-a63e-c2172c69b75d	complete	hg19	50000	46595			f856ded5-7747-41e7-a2f9-39218a9f005f	small	False	2026-04-06T15:40:24+05:30		2026-04-06T15:40:24+05:30	2026-04-06T15:44:50+05:30	2026-04-07T15:40:24+05:30
2e4ef005-cc5c-478e-ac83-17d3956a5128	complete	hg19	50000	46595			57197760-454f-459d-99d0-3f2a80388f06	small	False	2026-04-06T15:40:24+05:30		2026-04-06T15:40:24+05:30	2026-04-06T15:44:53+05:30	2026-04-07T15:40:24+05:30
f28215f7-dbe3-4a34-8c9a-abf7697f5847	complete	hg19	50000	46595			46416cfc-1798-40ab-8dab-bda223290abf	small	False	2026-04-06T15:40:24+05:30		2026-04-06T15:40:24+05:30	2026-04-06T15:44:35+05:30	2026-04-07T15:40:24+05:30
6bd7b2f3-8657-4fb4-a4b0-303229521d87	complete	hg19	50000	46595			ba8e55d2-46f6-49ef-baf2-921de31db88c	small	False	2026-04-06T15:40:24+05:30		2026-04-06T15:40:24+05:30	2026-04-06T15:44:48+05:30	2026-04-07T15:40:24+05:30
d45c8f3c-c0fe-4539-899e-61e98e99a24d	complete	hg19	50000	46595				small	False	2026-04-06T15:40:24+05:30		2026-04-06T15:40:24+05:30	2026-04-06T15:44:44+05:30	2026-04-07T15:40:24+05:30
aad52935-1587-405c-819e-c4a13f9a52c2	complete	hg19	50000	46595			9409e850-5fe8-4722-86f1-163806c1af15	small	False	2026-04-06T15:40:24+05:30		2026-04-06T15:40:24+05:30	2026-04-06T15:44:49+05:30	2026-04-07T15:40:24+05:30
7016199f-4f1d-47cf-abe8-8f96e13eea12	complete	hg19	50000	46595				small	False	2026-04-06T15:40:25+05:30		2026-04-06T15:40:25+05:30	2026-04-06T15:44:52+05:30	2026-04-07T15:40:25+05:30
873daee5-59fd-47f3-a6c8-edeb51346b2e	complete	hg19	50000	46595				small	False	2026-04-06T15:40:25+05:30		2026-04-06T15:40:25+05:30	2026-04-06T15:45:01+05:30	2026-04-07T15:40:25+05:30
916d9af3-9593-4ca3-915f-29ed2cffff94	complete	hg19	50000	46595			2574b6ed-5f64-42f6-990c-4e454af0337f	small	False	2026-04-06T15:40:25+05:30		2026-04-06T15:40:25+05:30	2026-04-06T15:44:58+05:30	2026-04-07T15:40:25+05:30
8aa7e88d-9399-4361-b249-96b3db20840b	complete	hg19	50000	46595			62f9b2c6-e997-4119-8b68-f85d90e84e54	small	False	2026-04-06T15:40:25+05:30		2026-04-06T15:40:25+05:30	2026-04-06T15:45:07+05:30	2026-04-07T15:40:25+05:30
2aa9f13b-f7f9-482c-a5a5-b6c5601e874b	complete	hg19	50000	46595			b93041bb-2f61-451b-824f-06379dd61f53	small	False	2026-04-06T15:40:25+05:30		2026-04-06T15:40:25+05:30	2026-04-06T15:45:59+05:30	2026-04-07T15:40:25+05:30
31ae6866-3ec7-4a56-a1ba-e4b7794e3f11	complete	hg19	50000	46595			eac3b31e-6d3a-4e17-a68d-bbc1af268e7b	small	False	2026-04-06T15:40:26+05:30		2026-04-06T15:40:26+05:30	2026-04-06T15:46:07+05:30	2026-04-07T15:40:26+05:30
8411d473-4d55-4ee1-8ace-a840c45ed169	complete	hg19	50000	46595			3ccfcad3-af88-4686-a54e-e0230dc51462	small	False	2026-04-06T15:40:26+05:30		2026-04-06T15:40:26+05:30	2026-04-06T15:46:08+05:30	2026-04-07T15:40:26+05:30
a2ddd407-ac2c-49a6-b822-7c94740d1bf0	complete	hg19	50000	46595				small	False	2026-04-06T15:40:26+05:30		2026-04-06T15:40:26+05:30	2026-04-06T15:46:08+05:30	2026-04-07T15:40:26+05:30
d7b11d9d-c5fc-4dc4-82f1-f0aae20d2c62	complete	hg19	50000	46595			6b64308a-fead-4d43-ad68-0242b7bd8b51	small	False	2026-04-06T15:40:26+05:30		2026-04-06T15:40:26+05:30	2026-04-06T15:46:11+05:30	2026-04-07T15:40:26+05:30
8347f9ea-4a71-485d-8a29-5864cc13ec29	complete	hg19	75000	69875			0873a753-3117-4327-b0b1-130b30ff9c16	large	False	2026-04-06T15:40:26+05:30		2026-04-06T15:40:26+05:30	2026-04-06T15:42:15+05:30	2026-04-07T15:40:26+05:30
d706588b-a583-434d-96b0-1015d81fe34f	complete	hg19	75000	69875				large	False	2026-04-06T15:40:27+05:30		2026-04-06T15:40:27+05:30	2026-04-06T15:42:01+05:30	2026-04-07T15:40:27+05:30
7a9c9104-1bcc-49ad-8e30-fe1fd1b8eecd	complete	hg19	75000	69875				large	False	2026-04-06T15:40:27+05:30		2026-04-06T15:40:27+05:30	2026-04-06T15:42:10+05:30	2026-04-07T15:40:27+05:30
4aa88942-cfb7-42fb-a56a-733397f0a220	complete	hg19	75000	69875			1bb88ecf-d05a-48c7-94dd-412828b51169	large	False	2026-04-06T15:40:27+05:30		2026-04-06T15:40:27+05:30	2026-04-06T15:42:09+05:30	2026-04-07T15:40:27+05:30
87dabc9c-ea4e-4913-8235-3556daad7d7f	complete	hg19	75000	69875			92f7c0bb-7f40-400e-b1f7-99ff21ce96ac	large	False	2026-04-06T15:40:27+05:30		2026-04-06T15:40:27+05:30	2026-04-06T15:42:06+05:30	2026-04-07T15:40:27+05:30
4832d648-9b86-4a96-8fb6-ddf8e177aa71	complete	hg19	75000	69875			c309d226-04f7-4129-8b56-7f8be699a741	large	False	2026-04-06T15:40:28+05:30		2026-04-06T15:40:28+05:30	2026-04-06T15:42:44+05:30	2026-04-07T15:40:28+05:30
8168cd4b-7520-4f44-a993-7894dce385db	complete	hg19	75000	69875			ba90665b-deaf-4fd7-9776-3eb81572033f	large	False	2026-04-06T15:40:28+05:30		2026-04-06T15:40:28+05:30	2026-04-06T15:42:45+05:30	2026-04-07T15:40:28+05:30
7ad3faef-c38d-435b-abf2-a718cbc127f3	complete	hg19	75000	69875			a9883c4c-c4b9-4b5c-9b19-3fa66d03e909	large	False	2026-04-06T15:40:28+05:30		2026-04-06T15:40:28+05:30	2026-04-06T15:42:46+05:30	2026-04-07T15:40:28+05:30
e37ccd6d-1bc4-4451-ac44-da43a726d07c	complete	hg19	75000	69875			0bf55ce4-eed3-4a9a-b37c-7512ccb5a4d2	large	False	2026-04-06T15:40:28+05:30		2026-04-06T15:40:28+05:30	2026-04-06T15:43:23+05:30	2026-04-07T15:40:28+05:30
825aa250-a875-448b-9497-92a0165cada8	complete	hg19	75000	69875			1edea78d-5e2c-44be-82b5-916708586954	large	False	2026-04-06T15:40:29+05:30		2026-04-06T15:40:29+05:30	2026-04-06T15:43:44+05:30	2026-04-07T15:40:29+05:30
8ca6e115-480f-44f1-ba47-4c24d8f5e5dd	complete	hg19	75000	69875			82aac9fe-5a6b-4c39-9469-ab4b9bf3e883	large	False	2026-04-06T15:40:29+05:30		2026-04-06T15:40:29+05:30	2026-04-06T15:43:48+05:30	2026-04-07T15:40:29+05:30
e2ae103a-5350-4f31-ba1d-e7d4995c1d4a	complete	hg19	75000	69875			2ab2ea55-3be1-4d0e-bc72-4e3bbfc47567	large	False	2026-04-06T15:40:29+05:30		2026-04-06T15:40:29+05:30	2026-04-06T15:44:02+05:30	2026-04-07T15:40:29+05:30
1a8d4c86-bbb2-4a5b-b280-c45aa2cf4c82	complete	hg19	75000	69875			23565fe2-c646-4050-9d56-1525cf5fa07f	large	False	2026-04-06T15:40:29+05:30		2026-04-06T15:40:29+05:30	2026-04-06T15:44:19+05:30	2026-04-07T15:40:29+05:30
63963eaf-a86f-457c-bd7e-30b0b0cbb66b	complete	hg19	75000	69875			2df76987-542b-4cb4-bd65-2f048140f042	large	False	2026-04-06T15:40:30+05:30		2026-04-06T15:40:30+05:30	2026-04-06T15:44:33+05:30	2026-04-07T15:40:30+05:30
ed61167c-2d40-4de4-9e28-7c2ac2b11e80	complete	hg19	75000	69875			2cd6feb5-2e00-44eb-b950-f912ce6fda9f	large	False	2026-04-06T15:40:30+05:30		2026-04-06T15:40:30+05:30	2026-04-06T15:44:48+05:30	2026-04-07T15:40:30+05:30
45fd2f8a-bc52-43b4-a546-074bdde2a386	complete	hg19	100000	93267				large	False	2026-04-06T15:40:30+05:30		2026-04-06T15:40:30+05:30	2026-04-06T15:45:22+05:30	2026-04-07T15:40:30+05:30
8e8ec32f-5485-46b6-9b95-1dabffbd042e	complete	hg19	100000	93267			140caacb-e6c9-4f52-99a2-cfcb59fbc87f	large	False	2026-04-06T15:40:30+05:30		2026-04-06T15:40:30+05:30	2026-04-06T15:45:27+05:30	2026-04-07T15:40:30+05:30
6d58c70b-ce09-4516-bc84-ca792fec05b5	complete	hg19	100000	93267			5176df4e-f1bd-4c1d-84d3-9d49fcb9fd25	large	False	2026-04-06T15:40:31+05:30		2026-04-06T15:40:31+05:30	2026-04-06T15:45:25+05:30	2026-04-07T15:40:31+05:30
629aa0dd-fcb7-4539-a925-f85397c00f78	complete	hg19	100000	93267			7357f517-6f09-448a-9cd7-805e96fa7215	large	False	2026-04-06T15:40:31+05:30		2026-04-06T15:40:31+05:30	2026-04-06T15:45:38+05:30	2026-04-07T15:40:31+05:30
fb55d374-7553-4c21-bace-c6718e9c3b3d	complete	hg19	100000	93267			9039a970-8e76-4e1b-b0bd-68c51715abd9	large	False	2026-04-06T15:40:31+05:30		2026-04-06T15:40:31+05:30	2026-04-06T15:46:03+05:30	2026-04-07T15:40:31+05:30
4bed1536-7d17-4cc9-84aa-9ced04c85cb9	complete	hg19	100000	93267				large	False	2026-04-06T15:40:32+05:30		2026-04-06T15:40:32+05:30	2026-04-06T15:46:26+05:30	2026-04-07T15:40:32+05:30
c3dfce50-0ef0-4869-b49b-089fdfeed764	complete	hg19	100000	93267			47de1749-0d27-4da8-af91-e7e341bbcad9	large	False	2026-04-06T15:40:32+05:30		2026-04-06T15:40:32+05:30	2026-04-06T15:46:29+05:30	2026-04-07T15:40:32+05:30
28672e42-591c-4e0b-ad83-f3ddc6d319ac	complete	hg19	100000	93267				large	False	2026-04-06T15:40:32+05:30		2026-04-06T15:40:32+05:30	2026-04-06T15:46:36+05:30	2026-04-07T15:40:32+05:30
d474bd24-757c-43e3-afeb-00663cc21b08	complete	hg19	100000	93267			f967feb5-b471-4494-8507-a435677e4d85	large	False	2026-04-06T15:40:32+05:30		2026-04-06T15:40:32+05:30	2026-04-06T15:46:40+05:30	2026-04-07T15:40:32+05:30
fe0fdc31-069f-4e26-8147-90a48bf9ae8e	complete	hg19	100000	93267			faec4c12-3085-414c-abc4-d16d4f3541b8	large	False	2026-04-06T15:40:33+05:30		2026-04-06T15:40:33+05:30	2026-04-06T15:46:57+05:30	2026-04-07T15:40:33+05:30
58e0c89c-bdf4-489f-896f-4cded46e0041	complete	hg19	100000	93267			cb8a2cac-1443-406c-b4fe-c1be1215c96c	large	False	2026-04-06T15:40:33+05:30		2026-04-06T15:40:33+05:30	2026-04-06T15:47:23+05:30	2026-04-07T15:40:33+05:30
f5925ef1-267e-4ef5-a684-bb9a9e77fbc8	complete	hg19	100000	93267			79489b72-62f1-44de-b5af-795e49ea9438	large	False	2026-04-06T15:40:33+05:30		2026-04-06T15:40:33+05:30	2026-04-06T15:47:26+05:30	2026-04-07T15:40:33+05:30
93e46ba4-31ef-4c32-8ff7-41d8c836aa89	complete	hg19	100000	93267			98ce8cb9-ac55-483f-92a0-74ffdc7de69b	large	False	2026-04-06T15:40:34+05:30		2026-04-06T15:40:34+05:30	2026-04-06T15:47:28+05:30	2026-04-07T15:40:34+05:30
d5126e9c-83c1-47c7-8ed7-71f595ca09a9	complete	hg19	100000	93267			3b635073-b24f-4f8a-8eee-ea36f910854d	large	False	2026-04-06T15:40:34+05:30		2026-04-06T15:40:34+05:30	2026-04-06T15:47:34+05:30	2026-04-07T15:40:34+05:30
c04fec50-5d3f-466f-8662-1a0444b9609d	complete	hg19	100000	93267			c399210b-411c-4e72-9146-badeedd5d6a6	large	False	2026-04-06T15:40:34+05:30		2026-04-06T15:40:34+05:30	2026-04-06T15:47:51+05:30	2026-04-07T15:40:34+05:30
c80c6840-3e9b-4053-a3a6-e7761c4c59ab	complete	hg19	150000	139703				large	False	2026-04-06T15:40:35+05:30		2026-04-06T15:40:35+05:30	2026-04-06T15:48:25+05:30	2026-04-07T15:40:35+05:30
8bfeee7c-a3f8-4cc2-8604-9953e2a8ea18	complete	hg19	150000	139703			c4a0e523-ef90-4d88-9c94-a4e70364cec7	large	False	2026-04-06T15:40:35+05:30		2026-04-06T15:40:35+05:30	2026-04-06T15:48:30+05:30	2026-04-07T15:40:35+05:30
1fd780b6-07ce-436a-9f95-532ef2c8a1c6	complete	hg19	150000	139703				large	False	2026-04-06T15:40:35+05:30		2026-04-06T15:40:36+05:30	2026-04-06T15:48:31+05:30	2026-04-07T15:40:35+05:30
1a85bec0-a508-4aad-a047-f91ced954c2e	complete	hg19	150000	139703				large	False	2026-04-06T15:40:36+05:30		2026-04-06T15:40:36+05:30	2026-04-06T15:49:05+05:30	2026-04-07T15:40:36+05:30
6229dd2a-927d-4f4b-bee3-c3b120ab6a97	complete	hg19	150000	139703			59e86089-9683-4ef0-ae5b-024b83c87433	large	False	2026-04-06T15:40:36+05:30		2026-04-06T15:40:36+05:30	2026-04-06T15:49:13+05:30	2026-04-07T15:40:36+05:30
5c96a037-3df6-42c9-8a60-620ef108b3fe	complete	hg19	150000	139703			b65bd93d-6a01-4b52-bfec-ecd1ee35b2e6	large	False	2026-04-06T15:40:37+05:30		2026-04-06T15:40:37+05:30	2026-04-06T15:49:21+05:30	2026-04-07T15:40:37+05:30
fadf0351-19bd-4cf7-a025-8afc7e696c25	complete	hg19	150000	139703			967735fe-853a-456f-8ae2-845ab3ccb0bf	large	False	2026-04-06T15:40:37+05:30		2026-04-06T15:40:37+05:30	2026-04-06T15:49:43+05:30	2026-04-07T15:40:37+05:30
ebcf736b-ffff-432c-867e-e7aa9f6516b4	complete	hg19	150000	139703				large	False	2026-04-06T15:40:38+05:30		2026-04-06T15:40:38+05:30	2026-04-06T15:50:04+05:30	2026-04-07T15:40:38+05:30
7ae5af79-1449-47f2-8364-e1a8d219d644	complete	hg19	150000	139703				large	False	2026-04-06T15:40:38+05:30		2026-04-06T15:40:38+05:30	2026-04-06T15:50:09+05:30	2026-04-07T15:40:38+05:30
86535937-e9af-4350-b038-868da90c2ee6	complete	hg19	150000	139703				large	False	2026-04-06T15:40:38+05:30		2026-04-06T15:40:39+05:30	2026-04-06T15:50:26+05:30	2026-04-07T15:40:38+05:30
e5ddf23a-9d05-42d5-b441-7aafe9b83bf9	complete	hg19	150000	139703			9a52cb9b-a685-4352-95c9-8e1b8a80079f	large	False	2026-04-06T15:40:39+05:30		2026-04-06T15:40:39+05:30	2026-04-06T15:50:50+05:30	2026-04-07T15:40:39+05:30
7b4b6bca-0683-49b8-9d5b-ecd7f69bf80c	complete	hg19	150000	139703			8e6b1a64-afe5-425e-a946-a6de2dc7dbd8	large	False	2026-04-06T15:40:39+05:30		2026-04-06T15:40:39+05:30	2026-04-06T15:50:59+05:30	2026-04-07T15:40:39+05:30
7fe87fb6-a6c6-48ea-97b7-bec61eb2b576	complete	hg19	150000	139703			650a39d9-9b34-400c-b9cd-3099c620e476	large	False	2026-04-06T15:40:40+05:30		2026-04-06T15:40:40+05:30	2026-04-06T15:51:12+05:30	2026-04-07T15:40:40+05:30
34902078-3738-470f-b3c0-6d599b75919e	complete	hg19	150000	139703				large	False	2026-04-06T15:40:40+05:30		2026-04-06T15:40:40+05:30	2026-04-06T15:51:30+05:30	2026-04-07T15:40:40+05:30
d9d1e57c-4f66-434b-a00c-4cf57218315b	complete	hg19	150000	139703			89cace7e-b1cf-4193-91aa-62275de4dbd5	large	False	2026-04-06T15:40:41+05:30		2026-04-06T15:40:41+05:30	2026-04-06T15:51:46+05:30	2026-04-07T15:40:41+05:30
feb06121-5856-465f-8286-861f2b653ae4	complete	hg19	200000	186352			bb354fc6-3e8b-4052-8d4f-380e6b14c596	large	False	2026-04-06T15:40:41+05:30		2026-04-06T15:40:41+05:30	2026-04-06T15:52:06+05:30	2026-04-07T15:40:41+05:30
e3bc0c65-4f80-4479-8423-3abfe779dfe7	complete	hg19	200000	186352			7e482e29-dbf1-4c2e-be71-2465090aeeba	large	False	2026-04-06T15:40:42+05:30		2026-04-06T15:40:42+05:30	2026-04-06T15:52:22+05:30	2026-04-07T15:40:42+05:30
9ae9914a-dcf7-4993-9f6d-44060cb6b02d	complete	hg19	200000	186352			3977480d-7963-4ac8-b15d-8aa60a95fd6d	large	False	2026-04-06T15:40:42+05:30		2026-04-06T15:40:42+05:30	2026-04-06T15:52:51+05:30	2026-04-07T15:40:42+05:30
75beff25-5156-4331-80c6-a2bdb7729a44	complete	hg19	200000	186352			bb6be8c8-4188-4ec6-b569-fc14b1d0c137	large	False	2026-04-06T15:40:43+05:30		2026-04-06T15:40:43+05:30	2026-04-06T15:53:03+05:30	2026-04-07T15:40:43+05:30
bd2fe83f-1ddd-419f-9975-2ec6ddff6b1c	complete	hg19	200000	186352			09fbcfe8-17d9-468d-971f-4c110f048e8b	large	False	2026-04-06T15:40:43+05:30		2026-04-06T15:40:43+05:30	2026-04-06T15:53:27+05:30	2026-04-07T15:40:43+05:30
f538a729-acc2-4acc-a039-1c2ac349f42d	complete	hg19	200000	186352			d1d710fd-5316-4740-a50f-f22b212a2f40	large	False	2026-04-06T15:40:44+05:30		2026-04-06T15:40:44+05:30	2026-04-06T15:53:51+05:30	2026-04-07T15:40:44+05:30
7624ccdb-006e-4e75-8b91-5c7a13ef9bad	processing	hg19	200000	0				large	False	2026-04-06T15:40:44+05:30		2026-04-06T15:40:44+05:30		2026-04-07T15:40:44+05:30
a4c5d95e-edd1-484c-82c1-ed7cb4a9bae7	processing	hg19	200000	0			a001c1e5-dbce-425b-8a56-d44f97663633	large	False	2026-04-06T15:40:45+05:30		2026-04-06T15:40:45+05:30		2026-04-07T15:40:45+05:30
8a7212ab-3066-4cc3-a72d-054cae510bcc	processing	hg19	200000	0			b8853b22-2ac2-4972-a3a6-3a8be897e791	large	False	2026-04-06T15:40:45+05:30		2026-04-06T15:40:45+05:30		2026-04-07T15:40:45+05:30
6c5647f6-351d-40c7-8bfd-9245fd65e01f	processing	hg19	200000	0			e1208136-a4f5-4e72-b6f5-388876406fc2	large	False	2026-04-06T15:40:46+05:30		2026-04-06T15:40:46+05:30		2026-04-07T15:40:46+05:30
209a929c-7388-4777-a01c-9f94e0c93f8a	processing	hg19	200000	0			75619fe1-ac4d-40e7-932d-e511076b0807	large	False	2026-04-06T15:40:46+05:30		2026-04-06T15:40:46+05:30		2026-04-07T15:40:46+05:30
43c3f2ef-9bd9-4097-ba63-a3f3abb6e6db	processing	hg19	200000	0			0cfb7839-25a8-41bf-af52-48d149dd742a	large	False	2026-04-06T15:40:47+05:30		2026-04-06T15:40:47+05:30		2026-04-07T15:40:47+05:30
cc69d886-6d6e-4f71-b472-15868fd1c1e8	processing	hg19	200000	0			7b575008-3acb-4ccc-a5f5-7f3a6ea9f014	large	False	2026-04-06T15:40:47+05:30		2026-04-06T15:40:48+05:30		2026-04-07T15:40:47+05:30
ab6b1bc9-7e1e-40e5-a4b3-e95aa7dc296b	processing	hg19	200000	0			8bdf04a2-19db-4c04-8af2-ec309c58e950	large	False	2026-04-06T15:40:48+05:30		2026-04-06T15:40:48+05:30		2026-04-07T15:40:48+05:30
f58d4e58-ffb3-4f51-95f4-701373c939bb	processing	hg19	200000	0			801098d5-12e4-4281-82df-cf73939cea0b	large	False	2026-04-06T15:40:49+05:30		2026-04-06T15:40:49+05:30		2026-04-07T15:40:49+05:30
d4e01f34-9279-467b-b127-38aa4d9c8a2b	processing	hg19	300000	0			5628c848-92d5-4fa4-a4ac-2be36b4527d7	large	False	2026-04-06T15:40:49+05:30		2026-04-06T15:40:49+05:30		2026-04-07T15:40:49+05:30
3078516f-b155-47b1-ac4b-dc9a7965d0eb	processing	hg19	300000	0			101d2821-df6a-493f-a9fa-653ba29dfef3	large	False	2026-04-06T15:40:50+05:30		2026-04-06T15:40:50+05:30		2026-04-07T15:40:50+05:30
006bc3c8-ee9b-41b9-8544-69bd1de928df	processing	hg19	300000	0				large	False	2026-04-06T15:40:51+05:30		2026-04-06T15:40:51+05:30		2026-04-07T15:40:51+05:30
c3470631-95ca-4a56-9632-b61e45cf2316	processing	hg19	300000	0				large	False	2026-04-06T15:40:52+05:30		2026-04-06T15:40:52+05:30		2026-04-07T15:40:52+05:30
26dd19b8-8318-400b-8691-6e14dc0a2e8e	processing	hg19	300000	0			6778a1a6-e34f-4dc3-8430-034100f08f41	large	False	2026-04-06T15:40:52+05:30		2026-04-06T15:40:52+05:30		2026-04-07T15:40:52+05:30
842e0733-8b8a-460d-a92d-f9df1c83793a	processing	hg19	300000	0			521d61cb-3d47-44e9-b594-0331a9196cf9	large	False	2026-04-06T15:40:53+05:30		2026-04-06T15:40:53+05:30		2026-04-07T15:40:53+05:30
1adb6482-56a3-45d4-a717-49479e2d6877	processing	hg19	300000	0			0a71085c-a0fc-4f7c-9bbf-3d8d493c25b4	large	False	2026-04-06T15:40:54+05:30		2026-04-06T15:40:54+05:30		2026-04-07T15:40:54+05:30
d8c87ca5-3f5b-4863-8ea7-60427459e6b8	processing	hg19	300000	0			b6bba590-b3e8-496b-a5b0-39359d3bef84	large	False	2026-04-06T15:40:55+05:30		2026-04-06T15:40:55+05:30		2026-04-07T15:40:55+05:30
8337ad3e-c664-4c20-8e20-b892752b7d96	processing	hg19	300000	0			597de066-1a97-464b-9b4f-668a57a20418	large	False	2026-04-06T15:40:56+05:30		2026-04-06T15:40:56+05:30		2026-04-07T15:40:56+05:30
c240d7f5-abc7-4bb4-8da0-7758fd35d186	processing	hg19	300000	0			7af87400-192e-4678-a010-140c6beb248b	large	False	2026-04-06T15:40:56+05:30		2026-04-06T15:40:56+05:30		2026-04-07T15:40:56+05:30
3ca78cdf-d047-4d78-b416-075f1e91f0da	processing	hg19	300000	0			f1cd1fb4-9686-41e8-bd1c-50c59c1d3c09	large	False	2026-04-06T15:40:57+05:30		2026-04-06T15:40:57+05:30		2026-04-07T15:40:57+05:30
b81f6264-e7e8-45ec-a8e9-90d6f126ff8b	processing	hg19	300000	0			0dce8d49-02df-44dc-aaab-de7da36dcf49	large	False	2026-04-06T15:40:58+05:30		2026-04-06T15:40:58+05:30		2026-04-07T15:40:58+05:30
68cea8d5-4204-4a05-a80e-0eb70b2a01e9	processing	hg19	300000	0			2081e5e0-8d47-4e48-a5d8-7c6cce300e84	large	False	2026-04-06T15:40:59+05:30		2026-04-06T15:40:59+05:30		2026-04-07T15:40:59+05:30
4e9469ff-ec47-4b1a-a0e1-19ff52f84cc4	processing	hg19	300000	0			35c233b7-4ca9-4e63-931f-54c7cac6c528	large	False	2026-04-06T15:41:00+05:30		2026-04-06T15:41:00+05:30		2026-04-07T15:41:00+05:30
d20a9931-de8e-46f9-92b0-64c7b2251c41	processing	hg19	300000	0			c1307748-18b0-407f-ab66-2678c7530303	large	False	2026-04-06T15:41:00+05:30		2026-04-06T15:41:00+05:30		2026-04-07T15:41:00+05:30
a82fb039-22c4-43d2-8589-7b6979d0adc7	processing	hg19	500000	0			e3cf0238-931c-4f90-8867-e739a2920057	large	False	2026-04-06T15:41:02+05:30		2026-04-06T15:41:02+05:30		2026-04-07T15:41:02+05:30
bc33ce8f-9484-4c11-9978-0a936e9d3d2a	processing	hg19	500000	0				large	False	2026-04-06T15:41:03+05:30		2026-04-06T15:41:03+05:30		2026-04-07T15:41:03+05:30
14cb8e01-7ee7-48ce-8f29-4507a208a4b2	processing	hg19	500000	0			d6f3ceb3-fff4-4444-a542-c79c40613611	large	False	2026-04-06T15:41:04+05:30		2026-04-06T15:41:04+05:30		2026-04-07T15:41:04+05:30
9af13ce6-e082-4899-b8f3-fb4faa42121f	processing	hg19	500000	0			5bac3cc9-ce8c-44f6-a25d-7bed6d7c60b8	large	False	2026-04-06T15:41:05+05:30		2026-04-06T15:41:05+05:30		2026-04-07T15:41:05+05:30
19308fd7-c32f-431c-89d8-fac5261dacba	processing	hg19	500000	0			e0e71aba-c8f8-47ad-b4a1-ac142b4cc27c	large	False	2026-04-06T15:41:06+05:30		2026-04-06T15:41:07+05:30		2026-04-07T15:41:06+05:30
03615937-7ecc-4af0-9f85-3df6bb5da993	processing	hg19	500000	0				large	False	2026-04-06T15:41:08+05:30		2026-04-06T15:41:08+05:30		2026-04-07T15:41:08+05:30
4e66cd58-f070-4c98-aaca-dcf41b81a92c	processing	hg19	500000	0				large	False	2026-04-06T15:41:09+05:30		2026-04-06T15:41:09+05:30		2026-04-07T15:41:09+05:30
26bb11e3-d758-408c-89cc-a0db07073cf4	processing	hg19	500000	0			eac85dbc-eea5-4e03-81bf-26684dcac92c	large	False	2026-04-06T15:41:10+05:30		2026-04-06T15:41:10+05:30		2026-04-07T15:41:10+05:30
1c91aae0-09b3-4623-97c9-7640cc1b960d	processing	hg19	500000	0			50ff3ed6-67c2-4be8-9df0-a6efadaf6009	large	False	2026-04-06T15:41:12+05:30		2026-04-06T15:41:12+05:30		2026-04-07T15:41:12+05:30
8834f76b-18c0-432b-a6b9-133e16115eff	processing	hg19	500000	0			2128874c-b62c-48b4-a522-143501b0cb69	large	False	2026-04-06T15:41:13+05:30		2026-04-06T15:41:13+05:30		2026-04-07T15:41:13+05:30
2289fe44-3970-47aa-81db-2b1dbc8f0a05	processing	hg19	500000	0			35d99b3b-9d9f-40bf-b22c-433993dba7e9	large	False	2026-04-06T15:41:14+05:30		2026-04-06T15:41:14+05:30		2026-04-07T15:41:14+05:30
717e2c11-a99f-4872-bd3a-695a8fcda84e	processing	hg19	500000	0			a83bc21b-6736-4d25-be17-70ebf4aec795	large	False	2026-04-06T15:41:15+05:30		2026-04-06T15:41:15+05:30		2026-04-07T15:41:15+05:30
0df9f0a6-ca78-4898-8459-de1a15f57d4a	processing	hg19	500000	0			92058f6a-c506-4f2d-9ff5-9ef011438f1b	large	False	2026-04-06T15:41:17+05:30		2026-04-06T15:41:17+05:30		2026-04-07T15:41:17+05:30
45e3b8e8-7c9a-44d4-b92c-e73a77d8dc73	processing	hg19	500000	0			179ed358-32ca-48ac-89aa-4a7af30c13f2	large	False	2026-04-06T15:41:18+05:30		2026-04-06T15:41:18+05:30		2026-04-07T15:41:18+05:30
87794ec4-790b-4d7b-b97e-21a568d79b15	processing	hg19	500000	0			1e6a5813-afda-4452-ba6a-b3e5cfcdb51b	large	False	2026-04-06T15:41:19+05:30		2026-04-06T15:41:19+05:30		2026-04-07T15:41:19+05:30
6a2089a6-eccf-4e8a-8420-f68f8549ef87	processing	hg19	1000000	0			4d4a15d8-0651-409b-863b-1bdd7ceddbc6	large	False	2026-04-06T15:41:21+05:30		2026-04-06T15:41:22+05:30		2026-04-07T15:41:21+05:30
bfbacd16-ded8-45c0-ab13-0772fcce19e4	processing	hg19	1000000	0			a3fa0b27-bd2f-4bba-ae7e-d8a45f96a2c8	large	False	2026-04-06T15:41:24+05:30		2026-04-06T15:41:24+05:30		2026-04-07T15:41:24+05:30
0c5fd34e-c9ab-421e-8629-3d99ab804729	processing	hg19	1000000	0				large	False	2026-04-06T15:41:27+05:30		2026-04-06T15:41:27+05:30		2026-04-07T15:41:27+05:30
888e1f65-13f4-4859-85ff-72aefea04642	processing	hg19	1000000	0			16540f71-5044-46d4-8d02-403ccccc794d	large	False	2026-04-06T15:41:29+05:30		2026-04-06T15:41:29+05:30		2026-04-07T15:41:29+05:30
c6655e26-3607-4e59-9f60-927b418d8708	processing	hg19	1000000	0			d3b378fa-2bc4-41b5-badf-18d3d46dbceb	large	False	2026-04-06T15:41:32+05:30		2026-04-06T15:41:32+05:30		2026-04-07T15:41:32+05:30
dd674253-28e4-4ae9-9bc4-3eab81302e90	processing	hg19	1000000	0			611dd43e-a21e-4bde-ac2c-9062940b4fbf	large	False	2026-04-06T15:41:34+05:30		2026-04-06T15:41:35+05:30		2026-04-07T15:41:34+05:30
e82818c4-d7fa-4be9-95a2-de3f5046c336	processing	hg19	1000000	0			643b82a7-8a64-4a5e-bfb5-2f89ddaafd96	large	False	2026-04-06T15:41:37+05:30		2026-04-06T15:41:37+05:30		2026-04-07T15:41:37+05:30
02e6904b-a7a0-4ac0-9a09-d1c9d7318a22	processing	hg19	1000000	0			311bb321-dbdd-4c8f-a358-1364f83066b8	large	False	2026-04-06T15:41:40+05:30		2026-04-06T15:41:40+05:30		2026-04-07T15:41:40+05:30
3602eb03-f236-41b8-b65f-e5ee1f9164d1	processing	hg19	1000000	0			d0504285-dbc7-4e60-9c9d-7d888290b9a9	large	False	2026-04-06T15:41:43+05:30		2026-04-06T15:41:43+05:30		2026-04-07T15:41:43+05:30
6c8887ab-9a54-444a-8266-f5b466c8c8eb	processing	hg19	1000000	0			841acab3-7d28-41f9-b883-dfd79a5e4cb5	large	False	2026-04-06T15:41:45+05:30		2026-04-06T15:41:45+05:30		2026-04-07T15:41:45+05:30
dd8cb096-75f3-4922-8578-406d2c672e16	processing	hg19	1000000	0				large	False	2026-04-06T15:41:48+05:30		2026-04-06T15:41:48+05:30		2026-04-07T15:41:48+05:30
fcbed84e-c1bc-4584-921d-d88187b2adce	processing	hg19	1000000	0			65e19c21-7de4-47a1-9d76-0b2eb5bbcbfa	large	False	2026-04-06T15:41:51+05:30		2026-04-06T15:41:51+05:30		2026-04-07T15:41:51+05:30
78b2bef7-6c67-49c8-b983-ea952d0352ab	processing	hg19	1000000	0			78700b92-c3ac-4240-a1a2-a9b7de9cbdea	large	False	2026-04-06T15:41:53+05:30		2026-04-06T15:41:53+05:30		2026-04-07T15:41:53+05:30
ef749186-7319-4421-9a46-a92c0343303e	processing	hg19	1000000	0			2c9a2da1-82c2-48d5-9bef-8adff376bd14	large	False	2026-04-06T15:41:56+05:30		2026-04-06T15:41:56+05:30		2026-04-07T15:41:56+05:30
97dc2a92-602e-4ead-b013-7ca94d655210	processing	hg19	1000000	0			7075d87b-4765-4b4b-a919-de28fdadb91e	large	False	2026-04-06T15:41:58+05:30		2026-04-06T15:41:58+05:30		2026-04-07T15:41:58+05:30
0d3c8823-13ff-4518-aa8b-2b4680069d88	processing	hg19	1500000	0			de7a5c6d-572c-495f-80ef-d19292a6bc6d	large	False	2026-04-06T15:42:02+05:30		2026-04-06T15:42:02+05:30		2026-04-07T15:42:02+05:30
782e994b-a08e-4574-80b6-8c9c72934b9a	processing	hg19	1500000	0				large	False	2026-04-06T15:42:06+05:30		2026-04-06T15:42:06+05:30		2026-04-07T15:42:06+05:30
cd822d58-59c9-4623-bec2-776cc1ab8a0b	processing	hg19	1500000	0			d05671d1-8bfe-4d0a-a617-66d92ab4ab7f	large	False	2026-04-06T15:42:11+05:30		2026-04-06T15:42:11+05:30		2026-04-07T15:42:11+05:30
089545aa-4c72-455f-8c0d-99062a13d7de	processing	hg19	1500000	0			65a1e05f-b016-4422-a380-ae8dbe83d874	large	False	2026-04-06T15:42:15+05:30		2026-04-06T15:42:15+05:30		2026-04-07T15:42:15+05:30
d745d119-c5f9-485b-8ac5-99bed1732040	processing	hg19	1500000	0				large	False	2026-04-06T15:42:19+05:30		2026-04-06T15:42:19+05:30		2026-04-07T15:42:19+05:30
b8fe663b-23f9-4bef-8842-09b1ca659d64	processing	hg19	1500000	0			54025cd7-9f6f-4350-8cb9-1c46af330ffe	large	False	2026-04-06T15:42:22+05:30		2026-04-06T15:42:22+05:30		2026-04-07T15:42:22+05:30
ad60898e-615f-4032-8669-89df35ad566d	processing	hg19	1500000	0			b5c2584a-7c12-4754-8cf8-072266ed5521	large	False	2026-04-06T15:42:26+05:30		2026-04-06T15:42:26+05:30		2026-04-07T15:42:26+05:30
5f6ef9e7-c703-42b5-8d91-6a26aa83773a	processing	hg19	1500000	0				large	False	2026-04-06T15:42:31+05:30		2026-04-06T15:42:31+05:30		2026-04-07T15:42:31+05:30
aa9f8149-58d1-4935-9aa6-c60d1f584415	processing	hg19	1500000	0			0085a11f-a331-43a3-9690-4443e9ecd15a	large	False	2026-04-06T15:42:35+05:30		2026-04-06T15:42:35+05:30		2026-04-07T15:42:35+05:30
0d965a51-4c05-45ba-b440-f3d46bb08f71	processing	hg19	1500000	0			2b568ce2-bff7-44ff-a5db-b8df6972b633	large	False	2026-04-06T15:42:38+05:30		2026-04-06T15:42:39+05:30		2026-04-07T15:42:38+05:30
c85187a7-d7ee-4a96-982d-07adf58b535d	processing	hg19	1500000	0			533937e0-cbb8-4045-9021-89c93b733550	large	False	2026-04-06T15:42:42+05:30		2026-04-06T15:42:42+05:30		2026-04-07T15:42:42+05:30
af4d9063-78ef-4072-a703-c0d9548070f8	processing	hg19	1500000	0			01c1048a-6d5a-42cc-9995-ddcff57179dc	large	False	2026-04-06T15:42:46+05:30		2026-04-06T15:42:46+05:30		2026-04-07T15:42:46+05:30
bbc0d503-10ee-4d79-8d87-bae3093b1ea1	processing	hg19	1500000	0			529077c6-a8cd-4481-9f5f-4f05295ee181	large	False	2026-04-06T15:42:50+05:30		2026-04-06T15:42:50+05:30		2026-04-07T15:42:50+05:30
6f85b77f-f49d-4752-ae6c-f2b0ec6d847b	processing	hg19	1500000	0			0ad9f955-a06c-4829-ad59-d9a26e0664cc	large	False	2026-04-06T15:42:54+05:30		2026-04-06T15:42:54+05:30		2026-04-07T15:42:54+05:30
f8ba02d7-ce4d-465b-b6a0-aed92a0ec717	processing	hg19	1500000	0			2531d1f5-7135-4404-a5af-264435f94234	large	False	2026-04-06T15:42:57+05:30		2026-04-06T15:42:57+05:30		2026-04-07T15:42:57+05:30
a39c874d-6304-495a-a564-39640a27f7a6	processing	hg19	2000000	0			1eea970d-ff84-4d91-9691-0b679b4eaae9	large	False	2026-04-06T15:43:02+05:30		2026-04-06T15:43:02+05:30		2026-04-07T15:43:02+05:30
fd7612bf-e331-4645-9225-5b41fd80bcd1	processing	hg19	2000000	0			f6bce907-d865-453f-aaef-b50e168a74c5	large	False	2026-04-06T15:43:07+05:30		2026-04-06T15:43:07+05:30		2026-04-07T15:43:07+05:30
1bd58b11-6a90-46ef-9745-9d7b47bdbf4c	processing	hg19	2000000	0			b19cc252-eabe-46a9-a513-b3f43024e9fd	large	False	2026-04-06T15:43:12+05:30		2026-04-06T15:43:12+05:30		2026-04-07T15:43:12+05:30
a2e434b1-76b5-4f5f-9ed5-3b275995631d	processing	hg19	2000000	0			70a251e6-0482-48cb-84e3-171a0594be01	large	False	2026-04-06T15:43:17+05:30		2026-04-06T15:43:17+05:30		2026-04-07T15:43:17+05:30
960023a5-4bc5-464c-b99e-1097e9a966dc	processing	hg19	2000000	0				large	False	2026-04-06T15:43:22+05:30		2026-04-06T15:43:22+05:30		2026-04-07T15:43:22+05:30
bc8a0c65-540b-4253-80e7-4976a2432d9f	processing	hg19	2000000	0				large	False	2026-04-06T15:43:26+05:30		2026-04-06T15:43:26+05:30		2026-04-07T15:43:26+05:30
fd0ad863-9dc1-454b-aa07-6554c62881dc	processing	hg19	2000000	0			6f641a48-e316-437c-9b15-979ba80e2cbd	large	False	2026-04-06T15:43:31+05:30		2026-04-06T15:43:31+05:30		2026-04-07T15:43:31+05:30
2bc5672b-23ab-49c5-b29c-c86a6de2f8f8	processing	hg19	2000000	0			a43dd4af-ef1f-4ee4-9ad2-6d3b518c2676	large	False	2026-04-06T15:43:36+05:30		2026-04-06T15:43:36+05:30		2026-04-07T15:43:36+05:30
297757c0-bd62-4fe6-8aea-4d402d002334	processing	hg19	2000000	0			b2ea900b-c7cf-4425-8853-f66edb76feba	large	False	2026-04-06T15:43:41+05:30		2026-04-06T15:43:41+05:30		2026-04-07T15:43:41+05:30
3ee2759f-0434-400a-9432-dd8c1cf8004d	processing	hg19	2000000	0			ed63089d-202e-45b4-96e1-7dd2347c9eda	large	False	2026-04-06T15:43:46+05:30		2026-04-06T15:43:46+05:30		2026-04-07T15:43:46+05:30
09771451-e430-4c39-9e80-79fde4181d6f	processing	hg19	2000000	0			94db634f-cc32-4394-9e50-430fdd6e624f	large	False	2026-04-06T15:43:51+05:30		2026-04-06T15:43:51+05:30		2026-04-07T15:43:51+05:30
54b0046d-6706-4bdb-8042-2bd1f14a4bfe	processing	hg19	2000000	0			cfcc180f-3ad6-47b2-a26f-a7e279e447a0	large	False	2026-04-06T15:43:55+05:30		2026-04-06T15:43:55+05:30		2026-04-07T15:43:55+05:30
e38054e3-1b33-4d6a-9609-86d043437b9c	processing	hg19	2000000	0				large	False	2026-04-06T15:44:00+05:30		2026-04-06T15:44:00+05:30		2026-04-07T15:44:00+05:30
9f49bc1d-e4ab-45bc-a041-357326677b1d	processing	hg19	2000000	0			2b261655-a224-422c-a27b-055d44074a19	large	False	2026-04-06T15:44:05+05:30		2026-04-06T15:44:05+05:30		2026-04-07T15:44:05+05:30
24a22cc6-e48c-4889-86b1-c4a4a69f3ad9	processing	hg19	2000000	0			8cb3e29f-a07a-4fa6-a4a4-ac75fb8e8cac	large	False	2026-04-06T15:44:10+05:30		2026-04-06T15:44:10+05:30		2026-04-07T15:44:10+05:30
4b06a0e1-b3b9-4f8e-afb4-f226b5fb12c3	processing	hg19	5000000	0				large	False	2026-04-06T15:44:21+05:30		2026-04-06T15:44:21+05:30		2026-04-07T15:44:21+05:30
6d6db7c4-8e21-408c-9718-de95a7f964fd	processing	hg19	5000000	0				large	False	2026-04-06T15:44:33+05:30		2026-04-06T15:44:33+05:30		2026-04-07T15:44:33+05:30
921021cc-a2d9-4a67-b750-f8cddb1f82a0	processing	hg19	5000000	0				large	False	2026-04-06T15:44:45+05:30		2026-04-06T15:44:45+05:30		2026-04-07T15:44:45+05:30
04675a70-52e9-406c-b634-7f0bbedd495c	processing	hg19	5000000	0				large	False	2026-04-06T15:44:57+05:30		2026-04-06T15:44:57+05:30		2026-04-07T15:44:57+05:30
f4625741-52a6-4c23-a07c-8a4c7c6ccc48	processing	hg19	5000000	0			35369ba1-1a37-4085-87d1-c0a80487d58e	large	False	2026-04-06T15:45:09+05:30		2026-04-06T15:45:09+05:30		2026-04-07T15:45:09+05:30
fe01f8ca-35c2-4a4f-969a-45b9e0f0e743	processing	hg19	5000000	0				large	False	2026-04-06T15:45:20+05:30		2026-04-06T15:45:20+05:30		2026-04-07T15:45:20+05:30
612b00e0-276d-4960-b5bb-808dbb868674	processing	hg19	5000000	0			80b91f45-91f4-4eaf-b2c3-2ba53d90cacb	large	False	2026-04-06T15:45:33+05:30		2026-04-06T15:45:33+05:30		2026-04-07T15:45:33+05:30
0eb584b9-86f1-4506-bb64-4742bb48dc30	processing	hg19	5000000	0			25b45213-1ea8-4cc6-9fa2-48569bd47e94	large	False	2026-04-06T15:45:44+05:30		2026-04-06T15:45:44+05:30		2026-04-07T15:45:44+05:30
c8a86204-15ce-4a7a-8da3-0f166b7a9ff7	processing	hg19	5000000	0			73a7696e-8c8a-4bf9-b212-bb2cfea4ee70	large	False	2026-04-06T15:45:56+05:30		2026-04-06T15:45:56+05:30		2026-04-07T15:45:56+05:30
033a73dc-bd37-4afc-8b2c-add7ea92f3fe	processing	hg19	5000000	0			23aac433-5258-4f39-9fef-5085c8e29e68	large	False	2026-04-06T15:46:08+05:30		2026-04-06T15:46:08+05:30		2026-04-07T15:46:08+05:30
992a8cdf-f6cb-49a1-9c13-1b996d979235	processing	hg19	5000000	0			93016bc3-97b8-46b9-93f0-c783d4e9bfd5	large	False	2026-04-06T15:46:19+05:30		2026-04-06T15:46:19+05:30		2026-04-07T15:46:19+05:30
2252f780-bddc-44da-bc93-a71c66d52814	processing	hg19	5000000	0			c40580fd-7f85-47b0-9e54-e667d3915d0b	large	False	2026-04-06T15:46:31+05:30		2026-04-06T15:46:31+05:30		2026-04-07T15:46:31+05:30
487473db-6827-4352-b7f9-e193968cdefe	processing	hg19	5000000	0			7f38ad45-5214-4097-9f8d-26df0c5af3c5	large	False	2026-04-06T15:46:42+05:30		2026-04-06T15:46:42+05:30		2026-04-07T15:46:42+05:30
e0a21fdd-769b-4b80-8083-b02deba0453a	processing	hg19	5000000	0				large	False	2026-04-06T15:46:54+05:30		2026-04-06T15:46:54+05:30		2026-04-07T15:46:54+05:30
4dec79c0-b4b8-4f1d-89a1-a35764cc783d	processing	hg19	5000000	0				large	False	2026-04-06T15:47:06+05:30		2026-04-06T15:47:06+05:30		2026-04-07T15:47:06+05:30
543fb362-c2a8-42a7-961c-938fde39346d	processing	hg19	10000000	0			389b8ec2-2d4f-47be-854f-ff6e6a1f7b33	large	False	2026-04-06T15:47:29+05:30		2026-04-06T15:47:29+05:30		2026-04-07T15:47:29+05:30
59b0e756-ac92-4c79-933a-801e1853062d	processing	hg19	10000000	0			ccfdaff2-729e-48be-afab-481d5abf6a8c	large	False	2026-04-06T15:47:52+05:30		2026-04-06T15:47:53+05:30		2026-04-07T15:47:52+05:30
292ee879-2923-4d88-8d1a-64804bc962c3	processing	hg19	10000000	0				large	False	2026-04-06T15:48:18+05:30		2026-04-06T15:48:18+05:30		2026-04-07T15:48:18+05:30
bf5309d0-f332-47de-9e3d-2e9e8a5869e4	processing	hg19	10000000	0			394448fc-0636-4a70-a7f0-e7991b3b4117	large	False	2026-04-06T15:48:45+05:30		2026-04-06T15:48:45+05:30		2026-04-07T15:48:45+05:30
1662f264-c38f-4e85-94aa-48bf07599b0a	processing	hg19	10000000	0			bc2dd7e9-b735-42b7-bfba-a0d4a96795b6	large	False	2026-04-06T15:49:08+05:30		2026-04-06T15:49:08+05:30		2026-04-07T15:49:08+05:30
582ca043-7ef5-4e99-9e16-4f81902d4e4c	processing	hg19	10000000	0			2e30334e-1d1b-45bb-b638-8cff15c748ad	large	False	2026-04-06T15:49:36+05:30		2026-04-06T15:49:36+05:30		2026-04-07T15:49:36+05:30
63b4aa68-b1fc-46bd-88e8-4b37caf302ed	processing	hg19	10000000	0			d23cd439-26ac-49ed-baca-22f2b44a8543	large	False	2026-04-06T15:50:02+05:30		2026-04-06T15:50:02+05:30		2026-04-07T15:50:02+05:30
0418489a-9008-4208-8e32-cdbf34c4427d	processing	hg19	10000000	0			3b83cfc6-2ca9-4292-9fb8-80c9d726feb2	large	False	2026-04-06T15:50:32+05:30		2026-04-06T15:50:32+05:30		2026-04-07T15:50:32+05:30
f0837b4f-34e9-4a70-bc56-2adb7137219b	processing	hg19	10000000	0				large	False	2026-04-06T15:50:58+05:30		2026-04-06T15:50:58+05:30		2026-04-07T15:50:58+05:30
322168b1-ca41-4652-92f4-4fc4b962dde1	processing	hg19	10000000	0			4d1f75d2-c1a1-4ded-8385-d979dd2df900	large	False	2026-04-06T15:51:22+05:30		2026-04-06T15:51:22+05:30		2026-04-07T15:51:22+05:30
d1e6706e-1cf8-4c55-8c40-28ca310c030f	processing	hg19	10000000	0			f4c077e5-69c9-4870-b36e-d4a3f808f911	large	False	2026-04-06T15:51:46+05:30		2026-04-06T15:51:46+05:30		2026-04-07T15:51:46+05:30
5c77d03e-6873-4e1f-a02d-529ce9da783d	processing	hg19	10000000	0				large	False	2026-04-06T15:52:16+05:30		2026-04-06T15:52:16+05:30		2026-04-07T15:52:16+05:30
89d781ab-23b9-4c6f-99e9-820b9e300d47	processing	hg19	10000000	0			09286986-f91b-4fd4-9d70-d2f42a88916b	large	False	2026-04-06T15:52:44+05:30		2026-04-06T15:52:44+05:30		2026-04-07T15:52:44+05:30
8da2df42-fe34-40fc-a34f-1bf283a71b43	processing	hg19	10000000	0			f90a19a9-df60-4475-847e-0aab361f2024	large	False	2026-04-06T15:53:09+05:30		2026-04-06T15:53:09+05:30		2026-04-07T15:53:09+05:30
168ed6d2-1ec8-4560-944e-a52e7cf39c11	processing	hg19	10000000	0			dca13d8c-9c5a-4519-82e8-9b2c83cc71bf	large	False	2026-04-06T15:53:31+05:30		2026-04-06T15:53:31+05:30		2026-04-07T15:53:31+05:30
