session_id	variant_count	received_ist	started_ist	succeeded_ist	pending_time_sec	execution_time_sec
37fab77f-0f93-42e0-a95b-bcb822d8360d	10000000	01-04-2026 09:04	01-04-2026 09:04	01-04-2026 09:57	0.000427246	3160.054597
6a7f10fe-9d27-4e7e-8995-56883283ad35	10000000	01-04-2026 08:11	01-04-2026 08:11	01-04-2026 09:04	0.000580788	3159.249216
d4646232-c745-48b8-beed-b33dad482418	10000000	01-04-2026 07:19	01-04-2026 07:19	01-04-2026 08:11	0.000618458	3155.759069
0046a00b-ee2d-4f73-a053-bb856898b802	10000000	01-04-2026 06:26	01-04-2026 06:26	01-04-2026 07:19	0.000517845	3156.111997
41dcc905-7cdf-465f-b422-c0ee0ceb2ee0	5000000	01-04-2026 05:58	01-04-2026 05:58	01-04-2026 06:26	0.000556946	1713.369325
c7015d19-8b3e-4801-9c03-68147e540696	5000000	01-04-2026 05:29	01-04-2026 05:29	01-04-2026 05:58	0.000623226	1717.920117
81753309-72e2-491c-aca2-c983055a5c93	5000000	01-04-2026 05:00	01-04-2026 05:00	01-04-2026 05:29	0.000494242	1718.505382
029bb884-eb1b-4f65-a270-dd142643550b	5000000	01-04-2026 04:32	01-04-2026 04:32	01-04-2026 05:00	0.000546694	1720.023466
aa94d0e8-fe91-4c0e-9f8e-6fa27636769d	5000000	01-04-2026 04:03	01-04-2026 04:03	01-04-2026 04:32	0.001113653	1717.510505
597bde84-2251-4a2f-a622-1cf9da6dfcd8	5000000	01-04-2026 03:34	01-04-2026 03:34	01-04-2026 04:03	0.000460148	1718.262626
f81389d9-23bc-4f6b-91e1-4436fea4a1c3	5000000	01-04-2026 03:06	01-04-2026 03:06	01-04-2026 03:34	0.000595093	1716.774445
5f4bd029-29a9-403b-81e3-21cdd5a20562	5000000	01-04-2026 02:37	01-04-2026 02:37	01-04-2026 03:06	0.000487089	1719.211847
1adb1419-86b6-4603-b63a-cfebff3e7ee2	5000000	01-04-2026 02:09	01-04-2026 02:09	01-04-2026 02:37	0.000633478	1716.602623
2d892533-7ca2-454d-a3f2-436a1a01798d	5000000	01-04-2026 01:37	01-04-2026 01:37	01-04-2026 02:09	0.000507832	1917.753285
f218a8a6-515c-4956-8f81-b43ca5f75da2	5000000	01-04-2026 01:08	01-04-2026 01:08	01-04-2026 01:37	0.000463009	1719.210403
929217a5-1cad-499b-bdc2-7b5bf2eb2172	5000000	01-04-2026 00:39	01-04-2026 00:39	01-04-2026 01:08	0.000442743	1722.028643
f226d63a-179b-4f0f-aec2-0b8aa446d272	5000000	01-04-2026 00:11	01-04-2026 00:11	01-04-2026 00:39	0.00048089	1714.97001
d408921a-dd02-4356-9cff-9e5e24fdb5dd	5000000	31-03-2026 23:42	31-03-2026 23:42	01-04-2026 00:11	0.000665188	1728.786467
4523b9f0-a227-43d0-a04c-a9e7714b079f	5000000	31-03-2026 23:13	31-03-2026 23:13	31-03-2026 23:42	0.000481606	1716.151367
f7777ab5-eabe-47c3-9997-f188b8f89bad	2000000	31-03-2026 23:00	31-03-2026 23:00	31-03-2026 23:13	0.000438213	801.0928559
cbbbad7d-5be2-4ba7-b021-71974e3f72ff	2000000	31-03-2026 22:47	31-03-2026 22:47	31-03-2026 23:00	0.000422716	799.7186806
fcd6b7a5-a34a-4cc9-b34b-b931fcea3cf8	2000000	31-03-2026 22:33	31-03-2026 22:33	31-03-2026 22:47	0.000610113	800.7989306
10bef708-d5fd-4056-8acd-b39789bdd79b	2000000	31-03-2026 22:20	31-03-2026 22:20	31-03-2026 22:33	0.000485182	798.0306258
9840c9b7-ec65-47fb-98e0-3dd10d92c72b	2000000	31-03-2026 22:07	31-03-2026 22:07	31-03-2026 22:20	0.001446247	801.9090455
6e8e1fa4-74b8-45c9-b482-b3d16bade810	2000000	31-03-2026 21:53	31-03-2026 21:53	31-03-2026 22:07	0.000805855	798.3172982
e24e7747-eb4c-443a-bedc-ab49718a686d	2000000	31-03-2026 21:40	31-03-2026 21:40	31-03-2026 21:53	0.00048089	800.5337162
7f8cdcb6-95f1-4524-9672-3ddb82e08b1a	2000000	31-03-2026 21:27	31-03-2026 21:27	31-03-2026 21:40	0.000645161	802.0916243
24a3532e-f2be-4dcf-a329-46dfcfc682f4	2000000	31-03-2026 21:13	31-03-2026 21:13	31-03-2026 21:27	0.000492334	799.889502
6165e982-e163-4688-af1d-310c5c400228	2000000	31-03-2026 21:00	31-03-2026 21:00	31-03-2026 21:13	0.000446558	802.143667
411b77b0-5a2b-48a3-8c3e-7c70562bc240	2000000	31-03-2026 20:47	31-03-2026 20:47	31-03-2026 21:00	0.000619173	799.4690616
029a5798-c87d-4c99-a710-9263dab6d99a	2000000	31-03-2026 20:33	31-03-2026 20:33	31-03-2026 20:47	0.000658989	799.3588948
63b61dce-ec47-466e-8c77-017b26a62ffd	2000000	31-03-2026 20:20	31-03-2026 20:20	31-03-2026 20:33	0.000488043	799.7827747
ada619f3-1e13-4873-b7c8-4b519effc2f9	2000000	31-03-2026 20:07	31-03-2026 20:07	31-03-2026 20:20	0.00050354	800.6050305
0b9406ae-cc54-4d3b-b95a-5a78504123d0	2000000	31-03-2026 19:53	31-03-2026 19:53	31-03-2026 20:07	0.000476837	798.5149972
a4e2a336-ae03-4463-9e10-01792a67d53e	1500000	31-03-2026 19:43	31-03-2026 19:43	31-03-2026 19:53	0.000786066	639.4113219
2ca240b2-30e4-4de6-bd42-4ae3c70a3212	1500000	31-03-2026 19:32	31-03-2026 19:32	31-03-2026 19:43	0.000614643	636.2822804
a637d9c2-e692-459b-b7db-a57c8221a3dc	1500000	31-03-2026 19:21	31-03-2026 19:21	31-03-2026 19:32	0.000522137	637.928623
82fc4416-4942-4171-ac5e-f221bdd6e647	1500000	31-03-2026 19:11	31-03-2026 19:11	31-03-2026 19:21	0.00053525	641.6763685
1a782af9-799a-40bd-bfa8-df81733e5635	1500000	31-03-2026 19:00	31-03-2026 19:00	31-03-2026 19:11	0.00048542	641.0452363
b997e66d-1fa9-4fd0-84be-bbaeece0c5b6	1500000	31-03-2026 18:49	31-03-2026 18:49	31-03-2026 19:00	0.000485659	638.4463859
d53a8c8a-b4c5-4206-8233-fff350df92dc	1500000	31-03-2026 18:39	31-03-2026 18:39	31-03-2026 18:49	0.000622272	633.7775548
5d82a1f0-60ce-4ea4-a0f0-4441a1af71f2	1500000	31-03-2026 18:28	31-03-2026 18:28	31-03-2026 18:39	0.000490904	640.8683343
24a65da8-81e5-420e-b9ce-721acff02c2b	1500000	31-03-2026 18:17	31-03-2026 18:17	31-03-2026 18:28	0.000571012	637.350738
5467f5dc-f5f6-424c-85f6-410526dd1701	1500000	31-03-2026 18:07	31-03-2026 18:07	31-03-2026 18:17	0.000472069	641.4478457
0774b2fc-10df-4495-8800-a54316aed5b1	1500000	31-03-2026 17:56	31-03-2026 17:56	31-03-2026 18:07	0.000540972	642.2082813
e52b4370-0076-4225-ac00-3414a1fbc3f8	1500000	31-03-2026 17:45	31-03-2026 17:45	31-03-2026 17:56	0.000689268	640.0059412
510cb790-6c42-4d2a-8849-5dd5f4510643	1500000	31-03-2026 17:35	31-03-2026 17:35	31-03-2026 17:45	0.000536919	639.3003156
9bee6d09-dd16-4235-b92e-082b56231c17	1500000	31-03-2026 17:24	31-03-2026 17:24	31-03-2026 17:35	0.000478745	639.940187
56906237-ee71-4341-9b66-0a53ce3fc117	1500000	31-03-2026 17:13	31-03-2026 17:13	31-03-2026 17:24	0.000476837	639.6908965
56ff8799-565b-4cb0-acf0-c362c2c331f4	1000000	31-03-2026 17:06	31-03-2026 17:06	31-03-2026 17:13	0.000530481	472.2743833
d8b7ac48-832b-4572-a191-ca36d905f7c7	1000000	31-03-2026 16:58	31-03-2026 16:58	31-03-2026 17:06	0.000536203	474.1412473
e0ab299c-02c6-4b4d-a888-bb384e1c51e5	1000000	31-03-2026 16:50	31-03-2026 16:50	31-03-2026 16:58	0.000443697	467.6051323
583b8d63-fddb-47ff-81a9-21bf16fab12b	1000000	31-03-2026 16:42	31-03-2026 16:42	31-03-2026 16:50	0.000542641	466.8780675
1e91c67b-a317-44d2-a2f4-fdb8bda30db4	1000000	31-03-2026 16:34	31-03-2026 16:34	31-03-2026 16:42	0.000618219	466.7351346
4ae95191-d7d9-432e-b6aa-3fe0aa51011a	1000000	31-03-2026 16:26	31-03-2026 16:26	31-03-2026 16:34	0.000846863	473.8732841
e22e72aa-7451-4658-9c17-4d12e5ad78f7	1000000	31-03-2026 16:19	31-03-2026 16:19	31-03-2026 16:26	0.000453711	466.5745637
7decf665-803b-4ece-9971-6759a6f08681	1000000	31-03-2026 16:11	31-03-2026 16:11	31-03-2026 16:19	0.00047493	469.1849647
34f2b77c-3635-4269-af6f-4a05f5d41c12	1000000	31-03-2026 16:03	31-03-2026 16:03	31-03-2026 16:11	0.000470877	471.0629871
9c010f1f-f415-42b7-bcc6-eb8a6f94e163	1000000	31-03-2026 15:55	31-03-2026 15:55	31-03-2026 16:03	0.000522614	473.7533638
489ce8e5-a32e-4386-aaa2-c468fb9482fe	1000000	31-03-2026 15:47	31-03-2026 15:47	31-03-2026 15:55	0.000520229	472.3071268
a73a4b2f-3152-45d5-b867-6003f8de89b9	1000000	31-03-2026 15:39	31-03-2026 15:39	31-03-2026 15:47	0.000573635	474.6324756
effcfad8-1bd3-4a76-b748-9ff5730659f0	1000000	31-03-2026 15:31	31-03-2026 15:31	31-03-2026 15:39	0.000540972	470.0743442
d6e0b5bd-ee8c-49f1-a4f8-f4ca53d6ce24	1000000	31-03-2026 15:24	31-03-2026 15:24	31-03-2026 15:31	0.000475407	469.8441074
e8399c3d-cad1-4d92-865f-0b617d016110	1000000	31-03-2026 15:16	31-03-2026 15:16	31-03-2026 15:24	0.000560999	473.9349647
36f1d0f4-5d8a-484d-ae4e-f9ce21f76b1e	500000	31-03-2026 15:11	31-03-2026 15:11	31-03-2026 15:16	0.000519753	296.8305581
b66284ac-dfa3-4242-a4e7-07dbcf2c09ce	500000	31-03-2026 15:06	31-03-2026 15:06	31-03-2026 15:11	0.000521421	295.9203603
8746d8ca-b1ce-467b-b98c-1485a7d4dfa6	500000	31-03-2026 15:01	31-03-2026 15:01	31-03-2026 15:06	0.000664473	296.901592
1940dbf6-1743-46cb-a8cc-5cc42082a378	500000	31-03-2026 14:56	31-03-2026 14:56	31-03-2026 15:01	0.000669241	296.9312785
b3147e2d-6dd9-4227-b594-fcf3bd54a184	500000	31-03-2026 14:51	31-03-2026 14:51	31-03-2026 14:56	0.000490904	298.2723446
0f4ff87b-4d2a-4546-83a6-57e0a6cc982f	500000	31-03-2026 14:46	31-03-2026 14:46	31-03-2026 14:51	0.000489712	300.2976012
a342bf6f-ae27-4e7a-bacf-8ff5e5926239	500000	31-03-2026 14:41	31-03-2026 14:41	31-03-2026 14:46	0.000645399	298.1079121
6bbbb49d-5814-4f14-88de-7bba5cedfa6b	500000	31-03-2026 14:36	31-03-2026 14:36	31-03-2026 14:41	0.000439644	298.8043878
dc4f7db1-9c89-4c06-909e-23eb7121013d	500000	31-03-2026 14:31	31-03-2026 14:31	31-03-2026 14:36	0.000447273	295.7907314
f32e8263-c0a2-4777-a0a5-83d0a1c2c804	500000	31-03-2026 14:26	31-03-2026 14:26	31-03-2026 14:31	0.000607729	297.268635
8438fcc0-5672-4567-a42a-2ce4b16367c3	500000	31-03-2026 14:21	31-03-2026 14:21	31-03-2026 14:26	0.000455856	294.8018203
b9894e28-9d0f-4830-9807-ebf1da2a6eb6	500000	31-03-2026 14:16	31-03-2026 14:16	31-03-2026 14:21	0.000653982	302.2861085
5e385ab1-824b-492f-b8be-44cda38867e4	500000	31-03-2026 14:11	31-03-2026 14:11	31-03-2026 14:16	0.000678301	296.1029682
3a2f136c-f8f5-4f54-848b-a7b4fbb25319	500000	31-03-2026 14:06	31-03-2026 14:06	31-03-2026 14:11	0.000478029	297.7565501
0f538e3f-7fbc-4042-b633-ec603b8441be	500000	31-03-2026 14:01	31-03-2026 14:01	31-03-2026 14:06	0.00051713	299.6895432
5bfc2b87-c0b4-4ddc-94a0-cc9217a12851	300000	31-03-2026 13:58	31-03-2026 13:58	31-03-2026 14:01	0.000485182	202.9797139
adf7a86e-bf8a-4556-8f1d-665febeb3668	300000	31-03-2026 13:55	31-03-2026 13:55	31-03-2026 13:58	0.000496149	201.4205501
d65cce97-2d84-4608-a2d9-3888ed621ca1	300000	31-03-2026 13:51	31-03-2026 13:51	31-03-2026 13:55	0.000442982	203.2447374
a49406ab-408c-4052-9307-3475739dc6cb	300000	31-03-2026 13:48	31-03-2026 13:48	31-03-2026 13:51	0.000496864	207.1470399
f48b58cd-388e-4a7f-83a0-0cc0a1b341fa	300000	31-03-2026 13:44	31-03-2026 13:44	31-03-2026 13:48	0.000545502	203.0840194
84f46ec8-1d34-42a7-bb7d-63a120777e40	300000	31-03-2026 13:41	31-03-2026 13:41	31-03-2026 13:44	0.000541449	203.0203311
4a57def7-6676-4ac0-aa79-cf4c85bf0320	300000	31-03-2026 13:38	31-03-2026 13:38	31-03-2026 13:41	0.000554085	203.0813522
d1cf7026-d019-413c-8b24-83b80de23e0e	300000	31-03-2026 13:34	31-03-2026 13:34	31-03-2026 13:38	0.000566483	203.361069
89f7cf2f-6283-4bd2-a87b-ccd750505b81	300000	31-03-2026 13:31	31-03-2026 13:31	31-03-2026 13:34	0.000494242	202.7725315
c7306ce8-72a7-4d86-820d-990987a4ecf8	300000	31-03-2026 13:27	31-03-2026 13:27	31-03-2026 13:31	0.000567675	198.8680513
8155348d-fc90-4c73-a195-e95b0c07fb7d	300000	31-03-2026 13:24	31-03-2026 13:24	31-03-2026 13:27	0.000738621	198.2765014
5990cf1c-3aa6-4123-8879-48a99256e84b	300000	31-03-2026 13:21	31-03-2026 13:21	31-03-2026 13:24	0.000498533	201.0712638
0681ec4b-70a8-4775-a1cd-61627162b9d1	300000	31-03-2026 13:17	31-03-2026 13:17	31-03-2026 13:21	0.00045085	202.1681893
f4ddc61a-8a70-4be4-90e1-cf7c75f41423	300000	31-03-2026 13:14	31-03-2026 13:14	31-03-2026 13:17	0.000581026	201.6124191
0ddecad0-09df-4700-9086-8ffd0903b02e	300000	31-03-2026 13:11	31-03-2026 13:11	31-03-2026 13:14	0.00051713	199.9405351
483b40ef-ed21-4ecf-8e32-7ca04e704e1c	200000	31-03-2026 13:09	31-03-2026 13:09	31-03-2026 13:11	0.000632048	98.29207826
f136297e-a951-4b9c-9fc4-417c246dc74e	200000	31-03-2026 13:07	31-03-2026 13:07	31-03-2026 13:09	0.000608206	97.28165483
ef66a50c-edce-4cfe-9a23-b400d73e4a29	200000	31-03-2026 13:06	31-03-2026 13:06	31-03-2026 13:07	0.00050211	97.59069991
7621eac2-a419-4292-bed7-798ea5f45fbd	200000	31-03-2026 13:04	31-03-2026 13:04	31-03-2026 13:06	0.000520945	97.67816401
60ba582a-3693-48f4-9833-5b77a6bfab0d	200000	31-03-2026 13:03	31-03-2026 13:03	31-03-2026 13:04	0.000576258	97.55130363
0f5e09be-239c-4cd8-9cee-0d766ea832db	200000	31-03-2026 13:01	31-03-2026 13:01	31-03-2026 13:03	0.000489712	97.30606961
2405d5f0-1c58-48d6-a7d7-45181a3fb2e8	200000	31-03-2026 12:59	31-03-2026 12:59	31-03-2026 13:01	0.000526667	97.31355929
62d18265-69d7-4905-8b6f-88f78470bc6a	200000	31-03-2026 12:58	31-03-2026 12:58	31-03-2026 12:59	0.000720978	97.25945377
4b870065-9392-4858-8ae3-d3413a799de3	200000	31-03-2026 12:56	31-03-2026 12:56	31-03-2026 12:58	0.000647306	97.65740681
240acc02-b32c-4361-8a0e-ff7dc1972b4c	200000	31-03-2026 12:54	31-03-2026 12:54	31-03-2026 12:56	0.000579596	96.93307257
a3acbfbc-d227-4add-ba51-331cd7236cc1	200000	31-03-2026 12:53	31-03-2026 12:53	31-03-2026 12:54	0.000516415	97.2538209
c0a78999-8d5a-423f-80a7-24e924fdedeb	200000	31-03-2026 12:51	31-03-2026 12:51	31-03-2026 12:53	0.000494242	97.4488368
c2baae56-1a4e-4637-af31-7aa31c1caff2	200000	31-03-2026 12:50	31-03-2026 12:50	31-03-2026 12:51	0.000705481	97.05826235
0e94452c-8875-44ba-8bd7-ae22557602cb	200000	31-03-2026 12:48	31-03-2026 12:48	31-03-2026 12:50	0.000514984	96.41637206
2aa46696-15b1-4a6f-92c3-eda57345058a	200000	31-03-2026 12:46	31-03-2026 12:46	31-03-2026 12:48	0.000652552	98.17865372
20a7958a-aba7-4bcb-a534-07ba81158bb6	150000	31-03-2026 12:45	31-03-2026 12:45	31-03-2026 12:46	0.000580549	88.87799549
c3d1c489-0d29-4ca9-aa36-ee03d96a1d87	150000	31-03-2026 12:43	31-03-2026 12:43	31-03-2026 12:45	0.001069069	88.31089735
ae172439-faf2-469b-af19-4bfe39bd8fe3	150000	31-03-2026 12:42	31-03-2026 12:42	31-03-2026 12:43	0.000517368	87.30254984
5f87ce61-4891-413f-a5f5-50e90af776fe	150000	31-03-2026 12:40	31-03-2026 12:40	31-03-2026 12:42	0.000924349	89.17956281
c1d2572a-d7e5-4a7e-8f27-f2463a10979d	150000	31-03-2026 12:39	31-03-2026 12:39	31-03-2026 12:40	0.000525236	88.57623506
6372b681-a3d3-4ee3-8d42-45df0bdd854c	150000	31-03-2026 12:38	31-03-2026 12:38	31-03-2026 12:39	0.00083375	87.9818902
5e44a375-5381-4716-8046-a6d17166c24a	150000	31-03-2026 12:36	31-03-2026 12:36	31-03-2026 12:38	0.000548601	88.72706032
e36fc7bb-7c70-404a-b61d-fd844c8a658f	150000	31-03-2026 12:35	31-03-2026 12:35	31-03-2026 12:36	0.00048399	87.8140173
742401b2-06ed-4d59-ba2f-f4898bbb75aa	150000	31-03-2026 12:33	31-03-2026 12:33	31-03-2026 12:35	0.000643015	88.68617058
3966cdf8-bcc2-45d9-a2f5-fca4e62ca685	150000	31-03-2026 12:32	31-03-2026 12:32	31-03-2026 12:33	0.000658274	87.90962219
1c10bb90-df59-449b-af4b-29e9d4682ead	150000	31-03-2026 12:30	31-03-2026 12:30	31-03-2026 12:32	0.000522614	88.40959024
83632dda-ed86-455f-806f-94e23863dfa8	150000	31-03-2026 12:29	31-03-2026 12:29	31-03-2026 12:30	0.000468731	89.30373263
0d422f9e-50c4-4e8b-9d83-0117b997192c	150000	31-03-2026 12:27	31-03-2026 12:27	31-03-2026 12:29	0.00056839	87.45093894
83ef7673-8535-48ca-8d3c-98ca8afb6a6e	150000	31-03-2026 12:26	31-03-2026 12:26	31-03-2026 12:27	0.000516415	87.66151524
3868d3bd-99ac-45e7-82a7-8e12723574c1	150000	31-03-2026 12:24	31-03-2026 12:24	31-03-2026 12:26	0.000488043	89.87585354
bf391e7a-2b61-4198-a7ee-a55d69de7a4b	100000	31-03-2026 12:23	31-03-2026 12:23	31-03-2026 12:24	0.001233816	75.71331501
ac563044-a7a2-42e7-9bf8-b19311d8657c	100000	31-03-2026 12:22	31-03-2026 12:22	31-03-2026 12:23	0.001401663	76.33219957
9b82c1ff-463b-4c28-b5ce-a9e11d85f791	100000	31-03-2026 12:20	31-03-2026 12:20	31-03-2026 12:22	0.000712633	75.84240484
7a0af857-ddac-478e-818a-b6fe8b20d209	100000	31-03-2026 12:19	31-03-2026 12:19	31-03-2026 12:20	0.000531435	75.93416214
2313b4d9-f5e2-4e50-894f-e2bd9adf7124	100000	31-03-2026 12:18	31-03-2026 12:18	31-03-2026 12:19	0.000618935	74.73210001
afe51046-9794-4558-9bd8-9340d5e47687	100000	31-03-2026 12:17	31-03-2026 12:17	31-03-2026 12:18	0.000522852	75.45159507
31c28d15-155b-4abf-a0f7-357daf33fc8c	100000	31-03-2026 12:15	31-03-2026 12:15	31-03-2026 12:17	0.000488758	75.68847346
6203ff38-ed68-4eca-9ea1-27d279153617	100000	31-03-2026 12:14	31-03-2026 12:14	31-03-2026 12:15	0.000515699	74.76976967
134f54e4-fe54-4c80-9133-d161da2321ee	100000	31-03-2026 12:13	31-03-2026 12:13	31-03-2026 12:14	0.000610352	75.306494
271d32ec-d31b-435f-bcff-32bbdd00dbea	100000	31-03-2026 12:12	31-03-2026 12:12	31-03-2026 12:13	0.000433445	75.06202888
7c82373c-0ad8-447e-9dcd-ef7ef7dad282	100000	31-03-2026 12:10	31-03-2026 12:10	31-03-2026 12:12	0.000667572	75.27117491
a2a7c551-282a-4bb9-8b10-b1ddff237527	100000	31-03-2026 12:09	31-03-2026 12:09	31-03-2026 12:10	0.000464916	75.06009388
143b641b-f170-493e-85b6-b5e2d5bde81e	100000	31-03-2026 12:08	31-03-2026 12:08	31-03-2026 12:09	0.000534296	74.3008008
d03b9eac-c5a4-4315-ad3d-fdd8e5f2dcb5	100000	31-03-2026 12:07	31-03-2026 12:07	31-03-2026 12:08	0.000537395	75.21526265
2ace7cf2-af70-4e0a-bce9-76be8037bac2	100000	31-03-2026 12:05	31-03-2026 12:05	31-03-2026 12:07	0.000489712	76.36978388
bde7e6f8-a8d2-49bf-9820-02c3474e20f5	75000	31-03-2026 12:04	31-03-2026 12:04	31-03-2026 12:05	0.000588894	67.29027867
265d4003-49e1-4efb-8df0-a9684cd3ec7c	75000	31-03-2026 12:03	31-03-2026 12:03	31-03-2026 12:04	0.000554562	67.58229947
2f6aaa24-b677-49ea-97c4-c9eec705d050	75000	31-03-2026 12:02	31-03-2026 12:02	31-03-2026 12:03	0.000603437	67.08468986
e7656525-399a-4fa6-b74b-8df24773d6b9	75000	31-03-2026 12:01	31-03-2026 12:01	31-03-2026 12:02	0.000498772	67.10635662
9b7bf831-21fc-4a57-a866-d1b285757134	75000	31-03-2026 12:00	31-03-2026 12:00	31-03-2026 12:01	0.000486135	67.47851396
de970b03-08e0-484f-a287-97e6b6e5abc0	75000	31-03-2026 11:59	31-03-2026 11:59	31-03-2026 12:00	0.000920057	68.03730774
c188aa6d-d549-49bf-83ab-4a30a46d1621	75000	31-03-2026 11:58	31-03-2026 11:58	31-03-2026 11:59	0.000748396	67.66314888
cc8e76fd-a03d-42ae-9101-fc847c061a37	75000	31-03-2026 11:56	31-03-2026 11:56	31-03-2026 11:58	0.000673294	67.30091882
3810b3a5-c06f-48ab-9877-578ddd512c10	75000	31-03-2026 11:55	31-03-2026 11:55	31-03-2026 11:56	0.000872135	68.30105019
cb41368e-5355-410d-b6f2-c43a41688515	75000	31-03-2026 11:54	31-03-2026 11:54	31-03-2026 11:55	0.000818253	67.0854485
5c1f11cc-b215-484e-a7a8-8466ab7c11f4	75000	31-03-2026 11:53	31-03-2026 11:53	31-03-2026 11:54	0.00073123	67.75515175
f205783f-7a4b-47a8-a875-4fe88e02c06e	75000	31-03-2026 11:52	31-03-2026 11:52	31-03-2026 11:53	0.000521421	66.90996337
68eedfcc-f52f-428b-8fe9-a39503204c18	75000	31-03-2026 11:51	31-03-2026 11:51	31-03-2026 11:52	0.000667095	67.23185802
f822db1c-18fd-445c-a0c6-76d445826707	75000	31-03-2026 11:50	31-03-2026 11:50	31-03-2026 11:51	0.000749111	66.99898386
2600ded0-7650-4501-b3a4-3cff59ea3d00	75000	31-03-2026 11:49	31-03-2026 11:49	31-03-2026 11:50	0.0005548	67.90426469
f797c7b9-73b9-4648-a4b5-e9bb428433b5	50000	31-03-2026 11:48	31-03-2026 11:48	31-03-2026 11:49	0.001203775	55.99700475
89ff8de2-29e9-47a5-83a1-6134ae4892ae	50000	31-03-2026 11:47	31-03-2026 11:47	31-03-2026 11:48	0.000611067	56.12772727
a9fa4f51-6614-4d03-ab68-39330c74e8da	50000	31-03-2026 11:46	31-03-2026 11:46	31-03-2026 11:47	0.000523567	56.23358274
17f0a399-8391-40ac-8a1f-cb2851777f97	50000	31-03-2026 11:45	31-03-2026 11:45	31-03-2026 11:46	0.000622034	55.6236794
da54071b-d1a1-45a7-a87b-4474f8ed62a9	50000	31-03-2026 11:44	31-03-2026 11:44	31-03-2026 11:45	0.000720978	56.43707466
f46db846-66db-4387-8751-cbbc39450a9c	50000	31-03-2026 11:43	31-03-2026 11:43	31-03-2026 11:44	0.000559568	56.67810082
12af6975-3b1a-48f9-9d61-e6edb83d04da	50000	31-03-2026 11:42	31-03-2026 11:42	31-03-2026 11:43	0.000468016	55.71123409
13dd1492-d6c3-4226-a344-5a2ee7dee117	50000	31-03-2026 11:41	31-03-2026 11:41	31-03-2026 11:42	0.000468016	57.32542729
0eeaafcb-c8e4-44f7-bf35-ecf4b2adc7c1	50000	31-03-2026 11:40	31-03-2026 11:40	31-03-2026 11:41	0.000475645	55.75005293
13a484c5-8c20-4805-912f-3a22251a2833	50000	31-03-2026 11:39	31-03-2026 11:39	31-03-2026 11:40	0.00056839	55.78630567
032382c1-b5e8-462d-89f8-2d1a2f744daf	50000	31-03-2026 11:38	31-03-2026 11:38	31-03-2026 11:39	0.000605106	55.29287052
4a375306-1d51-4913-803d-ef16f153dc32	50000	31-03-2026 11:37	31-03-2026 11:37	31-03-2026 11:38	0.000511646	56.47473264
310e70ad-7289-4ce9-a8d9-7e924e83b06e	50000	31-03-2026 11:36	31-03-2026 11:36	31-03-2026 11:37	0.000478029	56.58682561
a6feb8cb-8c10-45ba-ae7f-2154696b8ac1	50000	31-03-2026 11:35	31-03-2026 11:35	31-03-2026 11:36	0.001037121	56.23116016
9e77c74f-19b0-439c-be56-187289d5b74f	50000	31-03-2026 11:35	31-03-2026 11:35	31-03-2026 11:35	0.000534058	56.58115792
e81b449f-bbe4-4a2c-a573-18ec1bf03af2	20000	31-03-2026 11:34	31-03-2026 11:34	31-03-2026 11:35	0.00135684	35.6821301
cfd816b5-91da-4dc2-8ca3-c7adfda3b4b1	20000	31-03-2026 11:33	31-03-2026 11:33	31-03-2026 11:34	0.000731945	35.9276278
6feb8f2f-5bc1-4cbf-a06a-8cfe37d91ef5	20000	31-03-2026 11:33	31-03-2026 11:33	31-03-2026 11:33	0.000464201	35.43867302
414e63ae-ed35-42fd-b722-7db2f6526458	20000	31-03-2026 11:32	31-03-2026 11:32	31-03-2026 11:33	0.000493526	35.90886354
a2be3157-1217-430d-9221-c5dd3d5217d1	20000	31-03-2026 11:32	31-03-2026 11:32	31-03-2026 11:32	0.000489473	35.54641438
fe3ba23d-fea0-4a2d-be39-7c215d05b2f8	20000	31-03-2026 11:31	31-03-2026 11:31	31-03-2026 11:32	0.00063777	35.74266696
c1a86834-9486-4ca9-8d5f-09d01887d5ec	20000	31-03-2026 11:30	31-03-2026 11:30	31-03-2026 11:31	0.000618458	35.86243773
8d35a3fb-d5f0-4099-a5fb-cdf63e213fd1	20000	31-03-2026 11:30	31-03-2026 11:30	31-03-2026 11:30	0.000510931	35.96192622
8b38cdff-de67-4a9f-a335-67db6eace7b2	20000	31-03-2026 11:29	31-03-2026 11:29	31-03-2026 11:30	0.000510454	35.62501359
ad87e43b-b2ab-42a6-8b0c-303ab278002f	20000	31-03-2026 11:29	31-03-2026 11:29	31-03-2026 11:29	0.000505209	36.14578891
88ccb1b0-ba10-4214-be28-7b5cb2304350	20000	31-03-2026 11:28	31-03-2026 11:28	31-03-2026 11:29	0.000608206	35.67297912
6bb72f73-329f-43b8-94fa-ba6d973a1d12	20000	31-03-2026 11:27	31-03-2026 11:27	31-03-2026 11:28	0.000542879	36.23401999
93eae7eb-f5c0-4e4c-8b56-599c9d0d5c20	20000	31-03-2026 11:27	31-03-2026 11:27	31-03-2026 11:27	0.000479698	35.55138683
0426f49f-c61d-4315-a225-2f52681f46b7	20000	31-03-2026 11:26	31-03-2026 11:26	31-03-2026 11:27	0.000437021	35.88231921
21ae3ac2-2e51-48b2-901f-39e863657442	20000	31-03-2026 11:26	31-03-2026 11:26	31-03-2026 11:26	0.000560999	36.05620146
ee2cb424-d80f-413e-8158-b54408f345c0	10000	31-03-2026 11:25	31-03-2026 11:25	31-03-2026 11:26	0.00055933	25.88094711
90b9745e-1476-4b13-bc45-6e16bdcde0f5	10000	31-03-2026 11:25	31-03-2026 11:25	31-03-2026 11:25	0.000436783	25.86368895
e08252c2-2b7c-41c1-a804-8d800f679969	10000	31-03-2026 11:24	31-03-2026 11:24	31-03-2026 11:25	0.000512838	25.53495145
f4e6752f-7e66-47b9-9f18-adb08b511a76	10000	31-03-2026 11:24	31-03-2026 11:24	31-03-2026 11:24	0.000569344	26.17721319
47df71d6-99cc-49c3-b49e-6c5d0afd221d	10000	31-03-2026 11:23	31-03-2026 11:23	31-03-2026 11:24	0.000513315	25.86007261
b301e212-9e13-4d1f-b94c-5036298e8f96	10000	31-03-2026 11:23	31-03-2026 11:23	31-03-2026 11:23	0.00050354	26.08285213
02725922-236b-4b65-9861-4db9dddc3d96	10000	31-03-2026 11:23	31-03-2026 11:23	31-03-2026 11:23	0.000428438	25.73196745
822dd0b9-5909-4b75-b3d3-8875f8cccd5f	10000	31-03-2026 11:22	31-03-2026 11:22	31-03-2026 11:23	0.000685453	25.87262869
366a2fc3-b9ad-4411-aca7-a210e304c88e	10000	31-03-2026 11:22	31-03-2026 11:22	31-03-2026 11:22	0.000531673	25.72643518
4794a389-5936-4419-b521-8da42e57d978	10000	31-03-2026 11:21	31-03-2026 11:21	31-03-2026 11:22	0.000594854	25.62637353
5e1c4e90-44c5-4318-90c8-df89eaba5c2c	10000	31-03-2026 11:21	31-03-2026 11:21	31-03-2026 11:21	0.001076937	25.9862628
8b6364fd-9b8f-4e59-91d8-a1d397de607e	10000	31-03-2026 11:20	31-03-2026 11:20	31-03-2026 11:21	0.00053525	25.83661675
e44b3afb-7581-4420-94f5-ce0f2454795b	10000	31-03-2026 11:20	31-03-2026 11:20	31-03-2026 11:20	0.000500202	26.1400938
116fb3c2-7f08-49ea-8fc4-6aa511df1bf2	10000	31-03-2026 11:20	31-03-2026 11:20	31-03-2026 11:20	0.00057292	25.33217502
56961f2a-7190-4a63-8626-e52f06fe28ad	10000	31-03-2026 11:19	31-03-2026 11:19	31-03-2026 11:20	0.000561476	26.94687295
04004bb5-ef51-4a4f-a18e-8487569913a6	5000	31-03-2026 11:19	31-03-2026 11:19	31-03-2026 11:19	0.00061059	20.09516954
0ea9c2ee-1520-496a-8f00-c629eb096956	5000	31-03-2026 11:18	31-03-2026 11:18	31-03-2026 11:19	0.00063467	20.25485587
0192bd24-8c61-44eb-8706-230aed4337c1	5000	31-03-2026 11:18	31-03-2026 11:18	31-03-2026 11:18	0.000477791	20.56080341
89383088-d5cd-4317-a01d-ee80f9f6efe6	5000	31-03-2026 11:18	31-03-2026 11:18	31-03-2026 11:18	0.000475407	20.34439564
c4a3e38b-5a7d-4645-b13d-aa2708c98818	5000	31-03-2026 11:17	31-03-2026 11:17	31-03-2026 11:18	0.000480413	20.27900434
31e11cd1-d7a2-4ff0-8131-19ccf005570e	5000	31-03-2026 11:17	31-03-2026 11:17	31-03-2026 11:17	0.000494003	20.5182097
7360aaea-affd-4877-80e0-4e7d0719c483	5000	31-03-2026 11:17	31-03-2026 11:17	31-03-2026 11:17	0.000601768	20.2749207
6fda9ec3-abee-414b-b2a5-8d92e6fa78ca	5000	31-03-2026 11:16	31-03-2026 11:16	31-03-2026 11:17	0.000582933	20.0338769
1bd57643-ee81-44c8-b2b0-c6e108184d05	5000	31-03-2026 11:16	31-03-2026 11:16	31-03-2026 11:16	0.000615597	20.34429669
9311a22e-5182-43ec-8f1d-e43e04ee0795	5000	31-03-2026 11:16	31-03-2026 11:16	31-03-2026 11:16	0.000472784	20.24100041
9744f472-a937-4c77-835b-2200902c4cc9	5000	31-03-2026 11:15	31-03-2026 11:15	31-03-2026 11:16	0.000499487	20.20240307
b2018852-c91f-4a51-8e7c-fc0bec7048ce	5000	31-03-2026 11:15	31-03-2026 11:15	31-03-2026 11:15	0.000486374	20.33021545
42fcbfed-bc8b-4b2c-857a-0680b761d64a	5000	31-03-2026 11:15	31-03-2026 11:15	31-03-2026 11:15	0.00044179	20.13434577
fb00b626-732c-47b7-a44d-e45ff75822e0	5000	31-03-2026 11:14	31-03-2026 11:14	31-03-2026 11:15	0.000475168	20.33723593
913d31e1-1dff-4323-8e77-ae0368cf2b98	5000	31-03-2026 11:14	31-03-2026 11:14	31-03-2026 11:14	0.001463413	20.71707702
d2ccc246-f272-4024-9eb7-8b7890ad8f0a	2000	31-03-2026 11:14	31-03-2026 11:14	31-03-2026 11:14	0.000670195	16.18518972
2b00fe9c-8e61-4c0d-8a27-e4f611acb328	2000	31-03-2026 11:13	31-03-2026 11:13	31-03-2026 11:14	0.000672102	16.1786449
a659b42c-8816-405f-8f71-ad9422413de4	2000	31-03-2026 11:13	31-03-2026 11:13	31-03-2026 11:13	0.00068903	16.38653421
5c296182-743b-42ff-947e-180843fde95c	2000	31-03-2026 11:13	31-03-2026 11:13	31-03-2026 11:13	0.000582457	16.3233633
b5e0b42a-3eb2-417a-a1fd-d8377d8c53a4	2000	31-03-2026 11:13	31-03-2026 11:13	31-03-2026 11:13	0.000800848	16.21290994
d2b0b4db-6db3-44e9-8c4c-47f0d19c8468	2000	31-03-2026 11:12	31-03-2026 11:12	31-03-2026 11:13	0.000638723	16.20376682
5dd1f260-3c52-49fe-b10e-54b87f91146b	2000	31-03-2026 11:12	31-03-2026 11:12	31-03-2026 11:12	0.00103569	16.47940707
22bae5a1-a7b8-4692-9305-5fd25c18f176	2000	31-03-2026 11:12	31-03-2026 11:12	31-03-2026 11:12	0.000612736	16.28629851
0c157192-1028-4a3c-9799-9e0f3bdcab73	2000	31-03-2026 11:12	31-03-2026 11:12	31-03-2026 11:12	0.000742674	16.40097547
1787e4bb-5ca2-42ef-b71a-b45fa8ec8e16	2000	31-03-2026 11:11	31-03-2026 11:11	31-03-2026 11:12	0.000584841	16.28390145
8a2570be-f870-40da-9390-bdad51e82b6b	2000	31-03-2026 11:11	31-03-2026 11:11	31-03-2026 11:11	0.000801325	16.17502642
20918e3b-ec46-4dce-8f15-97526c65ed47	2000	31-03-2026 11:11	31-03-2026 11:11	31-03-2026 11:11	0.000751972	16.40521359
eda85fac-225e-4d2d-9756-928568f621e8	2000	31-03-2026 11:10	31-03-2026 11:10	31-03-2026 11:11	0.000744104	16.15926695
1484cc96-d7d4-44f2-97cc-bc96676a9084	2000	31-03-2026 11:10	31-03-2026 11:10	31-03-2026 11:10	0.000475645	16.08968496
68391f14-10f0-4ad7-b43e-d7af8f6fcf1b	2000	31-03-2026 11:10	31-03-2026 11:10	31-03-2026 11:10	0.000718117	16.24324036
9698f1b7-9929-4471-9df8-943e62c44909	1500	31-03-2026 11:10	31-03-2026 11:10	31-03-2026 11:10	0.00047493	15.44427609
7c7380e7-7f07-48c7-8715-c4a18882d836	1500	31-03-2026 11:09	31-03-2026 11:09	31-03-2026 11:10	0.000548124	15.33011198
c762e8c9-cd6c-4b24-8acf-392029fecdd0	1500	31-03-2026 11:09	31-03-2026 11:09	31-03-2026 11:09	0.001098394	15.50597143
ac582539-ea24-48a7-8727-4e5285d89434	1500	31-03-2026 11:09	31-03-2026 11:09	31-03-2026 11:09	0.000475168	15.53486991
c06f8bd1-7d06-4d42-8f57-6593783801c4	1500	31-03-2026 11:09	31-03-2026 11:09	31-03-2026 11:09	0.000506639	15.36995053
d5685810-2647-486a-b7af-be43636c8218	1500	31-03-2026 11:08	31-03-2026 11:08	31-03-2026 11:09	0.000514984	15.57934499
996ffbe1-2ea9-4120-807f-da363e8f7a83	1500	31-03-2026 11:08	31-03-2026 11:08	31-03-2026 11:08	0.000513315	15.55853224
da9f00cf-58f1-4ee6-ae73-0d2f776cad40	1500	31-03-2026 11:08	31-03-2026 11:08	31-03-2026 11:08	0.000473499	15.50488496
39d979f5-0026-47cc-8913-cabb2b36e692	1500	31-03-2026 11:08	31-03-2026 11:08	31-03-2026 11:08	0.000578165	15.42871952
109ddd18-65b9-4310-bc3d-d8db6feb7750	1500	31-03-2026 11:07	31-03-2026 11:07	31-03-2026 11:08	0.000602722	15.41963863
9d531ba1-cff6-4234-809f-3314d410b3b8	1500	31-03-2026 11:07	31-03-2026 11:07	31-03-2026 11:07	0.000742197	15.38560629
bcd99121-fbec-4c4a-ae78-f213f30d9557	1500	31-03-2026 11:07	31-03-2026 11:07	31-03-2026 11:07	0.000796556	15.46076441
a31e3102-c0aa-4da7-8670-ae006ecdfe05	1500	31-03-2026 11:07	31-03-2026 11:07	31-03-2026 11:07	0.000544071	15.55236387
3d2fc6a0-1821-4e5f-b509-59a7da28fd9c	1500	31-03-2026 11:06	31-03-2026 11:06	31-03-2026 11:07	0.000855923	15.3395493
1a19ab66-ab4c-4044-bdd7-1ec7e7e094e4	1500	31-03-2026 11:06	31-03-2026 11:06	31-03-2026 11:06	0.000688791	15.48292041
de1349a9-9db0-46fe-ad7b-182d6968030f	1000	31-03-2026 11:06	31-03-2026 11:06	31-03-2026 11:06	0.000672817	14.49890375
9dd0e1ea-0cfd-4182-84d3-720f3c654107	1000	31-03-2026 11:06	31-03-2026 11:06	31-03-2026 11:06	0.000474691	14.51409864
ce63f105-bc59-4f3c-be9f-e216834be6a5	1000	31-03-2026 11:05	31-03-2026 11:05	31-03-2026 11:06	0.000527143	14.55618405
b4c2ec06-320b-4a11-943d-f3fb34c92bc8	1000	31-03-2026 11:05	31-03-2026 11:05	31-03-2026 11:05	0.000536919	14.51729369
e527fb97-bc9a-46dd-b8ac-6dfaf13483a0	1000	31-03-2026 11:05	31-03-2026 11:05	31-03-2026 11:05	0.00072217	14.33104992
50ff2d12-916d-4a3a-99bb-a4b6513d0eff	1000	31-03-2026 11:05	31-03-2026 11:05	31-03-2026 11:05	0.00057888	14.47408366
98d0b077-42d9-4705-8a09-e0d08017d09a	1000	31-03-2026 11:04	31-03-2026 11:04	31-03-2026 11:05	0.000674486	14.59833074
c993490f-a432-4d4f-a82d-cfffd698729d	1000	31-03-2026 11:04	31-03-2026 11:04	31-03-2026 11:04	0.000579119	14.83438706
d82aad0c-ee6b-446f-824c-52f543285a6e	1000	31-03-2026 11:04	31-03-2026 11:04	31-03-2026 11:04	0.000793219	14.5954957
b25f4b17-b447-4d76-a39e-2bc6046f25de	1000	31-03-2026 11:04	31-03-2026 11:04	31-03-2026 11:04	0.000507355	14.36147642
82fccd25-3a87-43df-bcad-40cf90927fc0	1000	31-03-2026 11:03	31-03-2026 11:03	31-03-2026 11:04	0.000530958	14.64629149
fc120abf-fe02-49c2-8702-1e7c3a341f8e	1000	31-03-2026 11:03	31-03-2026 11:03	31-03-2026 11:03	0.000647306	14.79571748
0d54ac5f-830b-41fa-9a47-1c718e446bc7	1000	31-03-2026 11:03	31-03-2026 11:03	31-03-2026 11:03	0.000493765	14.64620304
9732aa4f-36fa-46f0-869f-7152b5547dba	1000	31-03-2026 11:03	31-03-2026 11:03	31-03-2026 11:03	0.000581026	14.83115482
60398982-8ed1-44cb-8df4-ca6d8219c15a	1000	31-03-2026 11:02	31-03-2026 11:02	31-03-2026 11:03	0.000706434	16.34538054
737b2ef2-8218-4b71-83aa-c185e3e6305d	500	31-03-2026 11:02	31-03-2026 11:02	31-03-2026 11:02	0.000797987	0.335804224
d37c57ed-95d9-405a-9cef-ef21a83467f7	500	31-03-2026 11:02	31-03-2026 11:02	31-03-2026 11:02	0.000604868	0.343974352
f0a382b2-0f07-4231-9e19-cd4389968ff1	500	31-03-2026 11:02	31-03-2026 11:02	31-03-2026 11:02	0.000656605	0.343261957
b99d3870-d16f-4823-a62a-98c2759fb1f1	500	31-03-2026 11:02	31-03-2026 11:02	31-03-2026 11:02	0.000827312	0.326902866
139003ed-39cb-4406-bfb6-d16f370f7dc4	500	31-03-2026 11:02	31-03-2026 11:02	31-03-2026 11:02	0.000678778	0.355218649
1f6c381d-cac6-412a-ae26-8b60a036f2ed	500	31-03-2026 11:02	31-03-2026 11:02	31-03-2026 11:02	0.000887394	0.353272438
943a8ca3-ec80-414b-b3fc-997ab47edffe	500	31-03-2026 11:02	31-03-2026 11:02	31-03-2026 11:02	0.000636339	0.344766378
e8dd3169-a2ce-45e4-89b9-40e6ff3f7846	500	31-03-2026 11:02	31-03-2026 11:02	31-03-2026 11:02	0.001466513	0.335070133
971aee02-530d-459b-846e-13c646da1824	500	31-03-2026 11:02	31-03-2026 11:02	31-03-2026 11:02	0.000444889	0.342886448
d9ca2e88-8927-489d-891c-317f18ec96d5	500	31-03-2026 11:02	31-03-2026 11:02	31-03-2026 11:02	0.001415491	0.342405796
071c4f5d-fbf3-4035-a0f4-36ecce76a85c	500	31-03-2026 11:02	31-03-2026 11:02	31-03-2026 11:02	0.000557661	0.332413197
f5f74e19-10f5-4090-a632-2f58a50359b0	500	31-03-2026 11:02	31-03-2026 11:02	31-03-2026 11:02	0.000478506	0.332522392
4c8a9bbc-3211-4959-aefc-82f2caf38dbf	500	31-03-2026 11:02	31-03-2026 11:02	31-03-2026 11:02	0.000573874	0.335104942
7a5c43fb-b221-4478-b053-411782701c0b	500	31-03-2026 11:02	31-03-2026 11:02	31-03-2026 11:02	0.000511408	0.338392735
7bdf3800-7bc6-47fb-81bd-116416e7ad4d	500	31-03-2026 11:02	31-03-2026 11:02	31-03-2026 11:02	0.000682116	1.226386309
41310fe0-c8f3-4723-83a1-27fff75b25a0	200	31-03-2026 11:02	31-03-2026 11:02	31-03-2026 11:02	0.001491308	0.258637667
f9e35e43-808d-4897-9c92-67545b5e5927	200	31-03-2026 11:02	31-03-2026 11:02	31-03-2026 11:02	0.000915051	0.254910231
aa98e12a-8ec2-4902-ae1c-5ac874311c39	200	31-03-2026 11:02	31-03-2026 11:02	31-03-2026 11:02	0.000762939	0.273345947
92fe658d-0e76-4859-a679-bade2070c7d9	200	31-03-2026 11:02	31-03-2026 11:02	31-03-2026 11:02	0.000503063	0.261156321
7cef16ad-ae60-44bc-ba92-e8cd07729259	200	31-03-2026 11:02	31-03-2026 11:02	31-03-2026 11:02	0.000653267	0.274549961
a1db058b-e86a-4b4e-867c-96d94813f8e5	200	31-03-2026 11:02	31-03-2026 11:02	31-03-2026 11:02	0.000597	0.258043528
80a2a8b0-e845-4962-96e4-d6b447ae1d3d	200	31-03-2026 11:02	31-03-2026 11:02	31-03-2026 11:02	0.000575066	0.256762505
5af8cf78-2591-4beb-b54b-4db75609cd8c	200	31-03-2026 11:02	31-03-2026 11:02	31-03-2026 11:02	0.000616074	0.244046926
7fbfbb66-c421-48d0-aaf6-6a27dafa852d	200	31-03-2026 11:02	31-03-2026 11:02	31-03-2026 11:02	0.000593662	0.266499519
a7bec681-5bc8-44f4-a762-865b8651d0e1	200	31-03-2026 11:02	31-03-2026 11:02	31-03-2026 11:02	0.001126766	0.263469934
1d7aa5e0-e32b-49e6-ba67-6484bb841acd	200	31-03-2026 11:02	31-03-2026 11:02	31-03-2026 11:02	0.001064062	0.260746002
ae95bd74-3a83-4cea-8ffd-73c741e063bc	200	31-03-2026 11:02	31-03-2026 11:02	31-03-2026 11:02	0.000549555	0.277735949
dad40228-7d2e-49ef-9116-f97c5028da64	200	31-03-2026 11:02	31-03-2026 11:02	31-03-2026 11:02	0.002923965	0.266499519
dbbfba15-d889-4684-b923-66d4bd666c25	200	31-03-2026 11:02	31-03-2026 11:02	31-03-2026 11:02	0.000511885	0.28737092
f6255190-ba05-4dfd-96ea-13a386f7345c	200	31-03-2026 11:02	31-03-2026 11:02	31-03-2026 11:02	0.000787497	0.534078598
90bc6275-e360-46dd-ade0-874cb81c4e2f	100	31-03-2026 11:02	31-03-2026 11:02	31-03-2026 11:02	0.000931501	0.229778767
fa5288b8-65bd-4f11-9fb1-8dfd5160f54d	100	31-03-2026 11:02	31-03-2026 11:02	31-03-2026 11:02	0.000640154	0.226580143
184b46ea-62da-4c75-ac7a-5fcc4bd99c07	100	31-03-2026 11:02	31-03-2026 11:02	31-03-2026 11:02	0.00057888	0.217622042
c77fc6dc-b7ec-47e0-81c4-48f4e32adf2b	100	31-03-2026 11:02	31-03-2026 11:02	31-03-2026 11:02	0.000605583	0.21619606
09144b96-6f56-4327-b4eb-2d7acd880d81	100	31-03-2026 11:02	31-03-2026 11:02	31-03-2026 11:02	0.001105785	0.230110407
9e86b03b-d791-4047-ba75-93feaa9871b3	100	31-03-2026 11:02	31-03-2026 11:02	31-03-2026 11:02	0.001013517	0.248976707
95367151-01ec-481b-93a4-cf9d7bcaf65a	100	31-03-2026 11:02	31-03-2026 11:02	31-03-2026 11:02	0.000538826	0.228560925
3ea9f5f5-afeb-4946-9c22-f3ab1a621513	100	31-03-2026 11:02	31-03-2026 11:02	31-03-2026 11:02	0.000581741	0.230364084
ecf047cb-6695-424f-9106-219fc321a814	100	31-03-2026 11:02	31-03-2026 11:02	31-03-2026 11:02	0.00067234	0.221827745
8ea44ee9-641c-4263-8083-a4806f6b7857	100	31-03-2026 11:02	31-03-2026 11:02	31-03-2026 11:02	0.000561476	0.214013338
6fe31abd-f456-4359-88fc-cf4f594fcc70	100	31-03-2026 11:02	31-03-2026 11:02	31-03-2026 11:02	0.000537634	0.221841097
8fd0fcba-2bc2-48db-8c19-9f5390544753	100	31-03-2026 11:02	31-03-2026 11:02	31-03-2026 11:02	0.001041174	0.227902889
ade9c633-06ce-4623-818d-b80bffa4fce0	100	31-03-2026 11:02	31-03-2026 11:02	31-03-2026 11:02	0.000533104	0.22332406
d6f12eec-6339-4158-9403-9e3bbfbce8ef	100	31-03-2026 11:02	31-03-2026 11:02	31-03-2026 11:02	0.00071454	0.279359341
fc620d80-362b-4ef9-b66e-4b1173a4c8fa	100	31-03-2026 11:02	31-03-2026 11:02	31-03-2026 11:02	0.000604868	0.427909613
