task_id	name	state	args	kwargs	result	received_ist	started_ist	succeeded_ist	pending_time_sec	execution_time_sec
1bd85fa3-908e-42e5-afbd-197c057df74b	app.api.annotation.materialise_annotations	STARTED	"['5e334197-2b2d-4650-ae0f-8e9ee00957e6', 10000000]"	{}		01-04-2026 09:57	01-04-2026 09:57		0.000485659	
14c0537f-a748-40b8-b5be-b2def47050ce	app.api.annotation.materialise_annotations	SUCCESS	"['37fab77f-0f93-42e0-a95b-bcb822d8360d', 10000000]"	{}	None	01-04-2026 09:04	01-04-2026 09:04	01-04-2026 09:57	0.000427246	3160.054597
7a49617e-02f5-4487-81f5-b65a4ccb8fee	app.api.annotation.materialise_annotations	SUCCESS	"['6a7f10fe-9d27-4e7e-8995-56883283ad35', 10000000]"	{}	None	01-04-2026 08:11	01-04-2026 08:11	01-04-2026 09:04	0.000580788	3159.249216
833561ed-7437-4b30-80a7-c935107e2b63	app.api.annotation.materialise_annotations	SUCCESS	"['d4646232-c745-48b8-beed-b33dad482418', 10000000]"	{}	None	01-04-2026 07:19	01-04-2026 07:19	01-04-2026 08:11	0.000618458	3155.759069
447874ac-3e1e-490a-8323-0c3d70fe6c26	app.api.annotation.materialise_annotations	SUCCESS	"['0046a00b-ee2d-4f73-a053-bb856898b802', 10000000]"	{}	None	01-04-2026 06:26	01-04-2026 06:26	01-04-2026 07:19	0.000517845	3156.111997
74cab9f2-e08e-470a-b786-cc4d16d1e1e6	app.api.annotation.materialise_annotations	SUCCESS	"['41dcc905-7cdf-465f-b422-c0ee0ceb2ee0', 5000000]"	{}	None	01-04-2026 05:58	01-04-2026 05:58	01-04-2026 06:26	0.000556946	1713.369325
04f45986-c15f-44bf-ac5a-735a3106bd14	app.api.annotation.materialise_annotations	SUCCESS	"['c7015d19-8b3e-4801-9c03-68147e540696', 5000000]"	{}	None	01-04-2026 05:29	01-04-2026 05:29	01-04-2026 05:58	0.000623226	1717.920117
2bf073ad-403a-4beb-8654-691844b8d7b3	app.api.annotation.materialise_annotations	SUCCESS	"['81753309-72e2-491c-aca2-c983055a5c93', 5000000]"	{}	None	01-04-2026 05:00	01-04-2026 05:00	01-04-2026 05:29	0.000494242	1718.505382
60c91f36-fed0-47eb-88e4-fe513f3d445b	app.api.annotation.materialise_annotations	SUCCESS	"['029bb884-eb1b-4f65-a270-dd142643550b', 5000000]"	{}	None	01-04-2026 04:32	01-04-2026 04:32	01-04-2026 05:00	0.000546694	1720.023466
2dc2fdc9-0324-4280-9b4b-d58a469da901	app.api.annotation.materialise_annotations	SUCCESS	"['aa94d0e8-fe91-4c0e-9f8e-6fa27636769d', 5000000]"	{}	None	01-04-2026 04:03	01-04-2026 04:03	01-04-2026 04:32	0.001113653	1717.510505
fbb79a82-9435-40e8-a000-557549e196df	app.api.annotation.materialise_annotations	SUCCESS	"['597bde84-2251-4a2f-a622-1cf9da6dfcd8', 5000000]"	{}	None	01-04-2026 03:34	01-04-2026 03:34	01-04-2026 04:03	0.000460148	1718.262626
4435c3bf-b2c8-437f-8581-dc69d3506303	app.api.annotation.materialise_annotations	SUCCESS	"['f81389d9-23bc-4f6b-91e1-4436fea4a1c3', 5000000]"	{}	None	01-04-2026 03:06	01-04-2026 03:06	01-04-2026 03:34	0.000595093	1716.774445
52672f90-82ec-4b2a-84fa-8bb7c8f505bb	app.api.annotation.materialise_annotations	SUCCESS	"['5f4bd029-29a9-403b-81e3-21cdd5a20562', 5000000]"	{}	None	01-04-2026 02:37	01-04-2026 02:37	01-04-2026 03:06	0.000487089	1719.211847
f6edb654-42f9-44a1-8478-43bf0f8ba0ab	app.api.annotation.materialise_annotations	SUCCESS	"['1adb1419-86b6-4603-b63a-cfebff3e7ee2', 5000000]"	{}	None	01-04-2026 02:09	01-04-2026 02:09	01-04-2026 02:37	0.000633478	1716.602623
59b9bac9-82be-4a83-9881-68b9651acce9	app.api.annotation.materialise_annotations	SUCCESS	"['2d892533-7ca2-454d-a3f2-436a1a01798d', 5000000]"	{}	None	01-04-2026 01:37	01-04-2026 01:37	01-04-2026 02:09	0.000507832	1917.753285
838aa3af-a582-4b2a-b012-afdf4dc7a37b	app.api.annotation.materialise_annotations	SUCCESS	"['f218a8a6-515c-4956-8f81-b43ca5f75da2', 5000000]"	{}	None	01-04-2026 01:08	01-04-2026 01:08	01-04-2026 01:37	0.000463009	1719.210403
4be5ecc5-fecf-419d-8267-603ac0d71822	app.api.annotation.materialise_annotations	SUCCESS	"['929217a5-1cad-499b-bdc2-7b5bf2eb2172', 5000000]"	{}	None	01-04-2026 00:39	01-04-2026 00:39	01-04-2026 01:08	0.000442743	1722.028643
7e1408b7-6567-438f-970d-636323b067ad	app.api.annotation.materialise_annotations	SUCCESS	"['f226d63a-179b-4f0f-aec2-0b8aa446d272', 5000000]"	{}	None	01-04-2026 00:11	01-04-2026 00:11	01-04-2026 00:39	0.00048089	1714.97001
cff4df84-d583-412c-8de6-6e93c0bf305b	app.api.annotation.materialise_annotations	SUCCESS	"['d408921a-dd02-4356-9cff-9e5e24fdb5dd', 5000000]"	{}	None	31-03-2026 23:42	31-03-2026 23:42	01-04-2026 00:11	0.000665188	1728.786467
5eb89b56-462b-4e07-b23b-ce24e33cd05a	app.api.annotation.materialise_annotations	SUCCESS	"['4523b9f0-a227-43d0-a04c-a9e7714b079f', 5000000]"	{}	None	31-03-2026 23:13	31-03-2026 23:13	31-03-2026 23:42	0.000481606	1716.151367
51f34389-44b2-4cbd-a67b-73a074fe152d	app.api.annotation.materialise_annotations	SUCCESS	"['f7777ab5-eabe-47c3-9997-f188b8f89bad', 2000000]"	{}	None	31-03-2026 23:00	31-03-2026 23:00	31-03-2026 23:13	0.000438213	801.0928559
3197403b-d46b-40bf-8b3d-4ac25df6cf5e	app.api.annotation.materialise_annotations	SUCCESS	"['cbbbad7d-5be2-4ba7-b021-71974e3f72ff', 2000000]"	{}	None	31-03-2026 22:47	31-03-2026 22:47	31-03-2026 23:00	0.000422716	799.7186806
abe70537-fa9c-47e6-a65b-a581210ea829	app.api.annotation.materialise_annotations	SUCCESS	"['fcd6b7a5-a34a-4cc9-b34b-b931fcea3cf8', 2000000]"	{}	None	31-03-2026 22:33	31-03-2026 22:33	31-03-2026 22:47	0.000610113	800.7989306
c5c95a0d-11ff-4264-81ab-c2b518c9bab6	app.api.annotation.materialise_annotations	SUCCESS	"['10bef708-d5fd-4056-8acd-b39789bdd79b', 2000000]"	{}	None	31-03-2026 22:20	31-03-2026 22:20	31-03-2026 22:33	0.000485182	798.0306258
69f49c1c-a163-454f-9b49-0274a64b3645	app.api.annotation.materialise_annotations	SUCCESS	"['9840c9b7-ec65-47fb-98e0-3dd10d92c72b', 2000000]"	{}	None	31-03-2026 22:07	31-03-2026 22:07	31-03-2026 22:20	0.001446247	801.9090455
a346612b-1ae2-4fc5-b1e3-f39bc9764986	app.api.annotation.materialise_annotations	SUCCESS	"['6e8e1fa4-74b8-45c9-b482-b3d16bade810', 2000000]"	{}	None	31-03-2026 21:53	31-03-2026 21:53	31-03-2026 22:07	0.000805855	798.3172982
cde8f433-8da9-41d8-a690-034e050bab76	app.api.annotation.materialise_annotations	SUCCESS	"['e24e7747-eb4c-443a-bedc-ab49718a686d', 2000000]"	{}	None	31-03-2026 21:40	31-03-2026 21:40	31-03-2026 21:53	0.00048089	800.5337162
c816a6fd-bffa-4f11-a111-7ff2fb80acc0	app.api.annotation.materialise_annotations	SUCCESS	"['7f8cdcb6-95f1-4524-9672-3ddb82e08b1a', 2000000]"	{}	None	31-03-2026 21:27	31-03-2026 21:27	31-03-2026 21:40	0.000645161	802.0916243
f048668e-8743-4a09-926a-3fb9b57a15e6	app.api.annotation.materialise_annotations	SUCCESS	"['24a3532e-f2be-4dcf-a329-46dfcfc682f4', 2000000]"	{}	None	31-03-2026 21:13	31-03-2026 21:13	31-03-2026 21:27	0.000492334	799.889502
f3c6b6ff-38f6-48a7-9e56-7474c7cbeb01	app.api.annotation.materialise_annotations	SUCCESS	"['6165e982-e163-4688-af1d-310c5c400228', 2000000]"	{}	None	31-03-2026 21:00	31-03-2026 21:00	31-03-2026 21:13	0.000446558	802.143667
c58e3e2a-46ea-4ec4-a5fb-ff83729cffa0	app.api.annotation.materialise_annotations	SUCCESS	"['411b77b0-5a2b-48a3-8c3e-7c70562bc240', 2000000]"	{}	None	31-03-2026 20:47	31-03-2026 20:47	31-03-2026 21:00	0.000619173	799.4690616
ccbda9ac-3ff6-471e-b065-db45753d672e	app.api.annotation.materialise_annotations	SUCCESS	"['029a5798-c87d-4c99-a710-9263dab6d99a', 2000000]"	{}	None	31-03-2026 20:33	31-03-2026 20:33	31-03-2026 20:47	0.000658989	799.3588948
97b2598f-4c81-4447-bb17-cd8549e0b4ee	app.api.annotation.materialise_annotations	SUCCESS	"['63b61dce-ec47-466e-8c77-017b26a62ffd', 2000000]"	{}	None	31-03-2026 20:20	31-03-2026 20:20	31-03-2026 20:33	0.000488043	799.7827747
0be86d28-8e87-4a05-a0a5-ce8ae7044e45	app.api.annotation.materialise_annotations	SUCCESS	"['ada619f3-1e13-4873-b7c8-4b519effc2f9', 2000000]"	{}	None	31-03-2026 20:07	31-03-2026 20:07	31-03-2026 20:20	0.00050354	800.6050305
5e63008b-c6aa-490a-9bb7-deed7bc37c95	app.api.annotation.materialise_annotations	SUCCESS	"['0b9406ae-cc54-4d3b-b95a-5a78504123d0', 2000000]"	{}	None	31-03-2026 19:53	31-03-2026 19:53	31-03-2026 20:07	0.000476837	798.5149972
bc02c0d2-f11e-4540-9d15-a6709c31c238	app.api.annotation.materialise_annotations	SUCCESS	"['a4e2a336-ae03-4463-9e10-01792a67d53e', 1500000]"	{}	None	31-03-2026 19:43	31-03-2026 19:43	31-03-2026 19:53	0.000786066	639.4113219
4e56aa47-30db-43f9-911f-c2aae0be31e6	app.api.annotation.materialise_annotations	SUCCESS	"['2ca240b2-30e4-4de6-bd42-4ae3c70a3212', 1500000]"	{}	None	31-03-2026 19:32	31-03-2026 19:32	31-03-2026 19:43	0.000614643	636.2822804
98ca621e-3fe2-4fed-ada0-485fcc940876	app.api.annotation.materialise_annotations	SUCCESS	"['a637d9c2-e692-459b-b7db-a57c8221a3dc', 1500000]"	{}	None	31-03-2026 19:21	31-03-2026 19:21	31-03-2026 19:32	0.000522137	637.928623
8be48aa8-8e37-482c-899e-55aa50e8529f	app.api.annotation.materialise_annotations	SUCCESS	"['82fc4416-4942-4171-ac5e-f221bdd6e647', 1500000]"	{}	None	31-03-2026 19:11	31-03-2026 19:11	31-03-2026 19:21	0.00053525	641.6763685
986b380c-2b12-4da1-8256-9ce510e5b212	app.api.annotation.materialise_annotations	SUCCESS	"['1a782af9-799a-40bd-bfa8-df81733e5635', 1500000]"	{}	None	31-03-2026 19:00	31-03-2026 19:00	31-03-2026 19:11	0.00048542	641.0452363
2080eb91-63d0-45d5-b3b7-1aa0e190f218	app.api.annotation.materialise_annotations	SUCCESS	"['b997e66d-1fa9-4fd0-84be-bbaeece0c5b6', 1500000]"	{}	None	31-03-2026 18:49	31-03-2026 18:49	31-03-2026 19:00	0.000485659	638.4463859
8db727b2-6ce6-4d0a-9e9d-fc6d7b78c2d8	app.api.annotation.materialise_annotations	SUCCESS	"['d53a8c8a-b4c5-4206-8233-fff350df92dc', 1500000]"	{}	None	31-03-2026 18:39	31-03-2026 18:39	31-03-2026 18:49	0.000622272	633.7775548
02399999-caba-4bcb-9295-a9e43bd52321	app.api.annotation.materialise_annotations	SUCCESS	"['5d82a1f0-60ce-4ea4-a0f0-4441a1af71f2', 1500000]"	{}	None	31-03-2026 18:28	31-03-2026 18:28	31-03-2026 18:39	0.000490904	640.8683343
a503a236-cf32-4f3d-af61-7272d6521df8	app.api.annotation.materialise_annotations	SUCCESS	"['24a65da8-81e5-420e-b9ce-721acff02c2b', 1500000]"	{}	None	31-03-2026 18:17	31-03-2026 18:17	31-03-2026 18:28	0.000571012	637.350738
b1e9b38a-507e-471a-9cbd-e7d9222b38fa	app.api.annotation.materialise_annotations	SUCCESS	"['5467f5dc-f5f6-424c-85f6-410526dd1701', 1500000]"	{}	None	31-03-2026 18:07	31-03-2026 18:07	31-03-2026 18:17	0.000472069	641.4478457
c314f460-0368-4da6-befc-e519ff8150cd	app.api.annotation.materialise_annotations	SUCCESS	"['0774b2fc-10df-4495-8800-a54316aed5b1', 1500000]"	{}	None	31-03-2026 17:56	31-03-2026 17:56	31-03-2026 18:07	0.000540972	642.2082813
ef74c28a-87d1-4c3c-ba32-480050c894c4	app.api.annotation.materialise_annotations	SUCCESS	"['e52b4370-0076-4225-ac00-3414a1fbc3f8', 1500000]"	{}	None	31-03-2026 17:45	31-03-2026 17:45	31-03-2026 17:56	0.000689268	640.0059412
f563f0ba-1eff-4ff1-8161-a178380e413b	app.api.annotation.materialise_annotations	SUCCESS	"['510cb790-6c42-4d2a-8849-5dd5f4510643', 1500000]"	{}	None	31-03-2026 17:35	31-03-2026 17:35	31-03-2026 17:45	0.000536919	639.3003156
ca1623de-aeca-48a6-863b-c74316096f09	app.api.annotation.materialise_annotations	SUCCESS	"['9bee6d09-dd16-4235-b92e-082b56231c17', 1500000]"	{}	None	31-03-2026 17:24	31-03-2026 17:24	31-03-2026 17:35	0.000478745	639.940187
3966fa3f-c84e-455d-81ec-8f571f96d032	app.api.annotation.materialise_annotations	SUCCESS	"['56906237-ee71-4341-9b66-0a53ce3fc117', 1500000]"	{}	None	31-03-2026 17:13	31-03-2026 17:13	31-03-2026 17:24	0.000476837	639.6908965
9eaa4e4b-1829-4dc3-a2e9-38d48d25d49c	app.api.annotation.materialise_annotations	SUCCESS	"['56ff8799-565b-4cb0-acf0-c362c2c331f4', 1000000]"	{}	None	31-03-2026 17:06	31-03-2026 17:06	31-03-2026 17:13	0.000530481	472.2743833
51d87f54-497a-44c8-97a2-2de704d0bde7	app.api.annotation.materialise_annotations	SUCCESS	"['d8b7ac48-832b-4572-a191-ca36d905f7c7', 1000000]"	{}	None	31-03-2026 16:58	31-03-2026 16:58	31-03-2026 17:06	0.000536203	474.1412473
0c7f3474-c191-4702-983e-e065d122bd54	app.api.annotation.materialise_annotations	SUCCESS	"['e0ab299c-02c6-4b4d-a888-bb384e1c51e5', 1000000]"	{}	None	31-03-2026 16:50	31-03-2026 16:50	31-03-2026 16:58	0.000443697	467.6051323
14383dcc-b1ce-4be6-8cf8-6c2184835743	app.api.annotation.materialise_annotations	SUCCESS	"['583b8d63-fddb-47ff-81a9-21bf16fab12b', 1000000]"	{}	None	31-03-2026 16:42	31-03-2026 16:42	31-03-2026 16:50	0.000542641	466.8780675
97dafe61-84ff-4af0-a570-0e79d0141b34	app.api.annotation.materialise_annotations	SUCCESS	"['1e91c67b-a317-44d2-a2f4-fdb8bda30db4', 1000000]"	{}	None	31-03-2026 16:34	31-03-2026 16:34	31-03-2026 16:42	0.000618219	466.7351346
0fde9479-028a-4a82-a13e-21cfc7b0fd8f	app.api.annotation.materialise_annotations	SUCCESS	"['4ae95191-d7d9-432e-b6aa-3fe0aa51011a', 1000000]"	{}	None	31-03-2026 16:26	31-03-2026 16:26	31-03-2026 16:34	0.000846863	473.8732841
9df5eb47-bcd2-4d91-a7ec-1eedb7ad87d7	app.api.annotation.materialise_annotations	SUCCESS	"['e22e72aa-7451-4658-9c17-4d12e5ad78f7', 1000000]"	{}	None	31-03-2026 16:19	31-03-2026 16:19	31-03-2026 16:26	0.000453711	466.5745637
bbf444cd-31dd-40ae-a30c-f82179acea86	app.api.annotation.materialise_annotations	SUCCESS	"['7decf665-803b-4ece-9971-6759a6f08681', 1000000]"	{}	None	31-03-2026 16:11	31-03-2026 16:11	31-03-2026 16:19	0.00047493	469.1849647
6214b0af-bb0b-461a-8877-9583461bee62	app.api.annotation.materialise_annotations	SUCCESS	"['34f2b77c-3635-4269-af6f-4a05f5d41c12', 1000000]"	{}	None	31-03-2026 16:03	31-03-2026 16:03	31-03-2026 16:11	0.000470877	471.0629871
b34bcea4-9789-4f66-bd59-7ad964d13a7e	app.api.annotation.materialise_annotations	SUCCESS	"['9c010f1f-f415-42b7-bcc6-eb8a6f94e163', 1000000]"	{}	None	31-03-2026 15:55	31-03-2026 15:55	31-03-2026 16:03	0.000522614	473.7533638
7c0761cd-3ee7-4e56-b42f-d44c94c2ab16	app.api.annotation.materialise_annotations	SUCCESS	"['489ce8e5-a32e-4386-aaa2-c468fb9482fe', 1000000]"	{}	None	31-03-2026 15:47	31-03-2026 15:47	31-03-2026 15:55	0.000520229	472.3071268
74e5842c-49d6-4a6e-9a02-be60e852b28b	app.api.annotation.materialise_annotations	SUCCESS	"['a73a4b2f-3152-45d5-b867-6003f8de89b9', 1000000]"	{}	None	31-03-2026 15:39	31-03-2026 15:39	31-03-2026 15:47	0.000573635	474.6324756
9a492233-dd0d-4a9b-b38b-6ac8ca865eda	app.api.annotation.materialise_annotations	SUCCESS	"['effcfad8-1bd3-4a76-b748-9ff5730659f0', 1000000]"	{}	None	31-03-2026 15:31	31-03-2026 15:31	31-03-2026 15:39	0.000540972	470.0743442
74542675-e9a4-4f0f-97ca-f523bafe0548	app.api.annotation.materialise_annotations	SUCCESS	"['d6e0b5bd-ee8c-49f1-a4f8-f4ca53d6ce24', 1000000]"	{}	None	31-03-2026 15:24	31-03-2026 15:24	31-03-2026 15:31	0.000475407	469.8441074
aeae456e-5e49-455b-a461-41f0b3e119eb	app.api.annotation.materialise_annotations	SUCCESS	"['e8399c3d-cad1-4d92-865f-0b617d016110', 1000000]"	{}	None	31-03-2026 15:16	31-03-2026 15:16	31-03-2026 15:24	0.000560999	473.9349647
f4cd3d2e-245d-4826-8f38-145dd08c253a	app.api.annotation.materialise_annotations	SUCCESS	"['36f1d0f4-5d8a-484d-ae4e-f9ce21f76b1e', 500000]"	{}	None	31-03-2026 15:11	31-03-2026 15:11	31-03-2026 15:16	0.000519753	296.8305581
2c25bfb9-a855-4d52-b4c0-767312149777	app.api.annotation.materialise_annotations	SUCCESS	"['b66284ac-dfa3-4242-a4e7-07dbcf2c09ce', 500000]"	{}	None	31-03-2026 15:06	31-03-2026 15:06	31-03-2026 15:11	0.000521421	295.9203603
1da6c7bf-5498-4845-a195-5e477d7fe6fe	app.api.annotation.materialise_annotations	SUCCESS	"['8746d8ca-b1ce-467b-b98c-1485a7d4dfa6', 500000]"	{}	None	31-03-2026 15:01	31-03-2026 15:01	31-03-2026 15:06	0.000664473	296.901592
8bfde16b-cdce-4134-9f03-da06c6cbbfa0	app.api.annotation.materialise_annotations	SUCCESS	"['1940dbf6-1743-46cb-a8cc-5cc42082a378', 500000]"	{}	None	31-03-2026 14:56	31-03-2026 14:56	31-03-2026 15:01	0.000669241	296.9312785
fbfde968-fd18-414f-bf49-4da314517615	app.api.annotation.materialise_annotations	SUCCESS	"['b3147e2d-6dd9-4227-b594-fcf3bd54a184', 500000]"	{}	None	31-03-2026 14:51	31-03-2026 14:51	31-03-2026 14:56	0.000490904	298.2723446
9bb7c5b8-0b5f-4851-a2f5-c155d46695b7	app.api.annotation.materialise_annotations	SUCCESS	"['0f4ff87b-4d2a-4546-83a6-57e0a6cc982f', 500000]"	{}	None	31-03-2026 14:46	31-03-2026 14:46	31-03-2026 14:51	0.000489712	300.2976012
1758c340-5c1a-42ed-987b-913450764e24	app.api.annotation.materialise_annotations	SUCCESS	"['a342bf6f-ae27-4e7a-bacf-8ff5e5926239', 500000]"	{}	None	31-03-2026 14:41	31-03-2026 14:41	31-03-2026 14:46	0.000645399	298.1079121
bc116912-b0dc-48c5-b1d6-820fbca15410	app.api.annotation.materialise_annotations	SUCCESS	"['6bbbb49d-5814-4f14-88de-7bba5cedfa6b', 500000]"	{}	None	31-03-2026 14:36	31-03-2026 14:36	31-03-2026 14:41	0.000439644	298.8043878
8cf50702-34c4-460d-9bae-a9097b9c9f37	app.api.annotation.materialise_annotations	SUCCESS	"['dc4f7db1-9c89-4c06-909e-23eb7121013d', 500000]"	{}	None	31-03-2026 14:31	31-03-2026 14:31	31-03-2026 14:36	0.000447273	295.7907314
92e78520-bf4a-4eea-b324-7b8d6c20287c	app.api.annotation.materialise_annotations	SUCCESS	"['f32e8263-c0a2-4777-a0a5-83d0a1c2c804', 500000]"	{}	None	31-03-2026 14:26	31-03-2026 14:26	31-03-2026 14:31	0.000607729	297.268635
3f9a0a10-7c19-4170-aedf-087a5fd4b257	app.api.annotation.materialise_annotations	SUCCESS	"['8438fcc0-5672-4567-a42a-2ce4b16367c3', 500000]"	{}	None	31-03-2026 14:21	31-03-2026 14:21	31-03-2026 14:26	0.000455856	294.8018203
d274fdb4-b645-4dc8-8ef7-a4ccaf0bbe5f	app.api.annotation.materialise_annotations	SUCCESS	"['b9894e28-9d0f-4830-9807-ebf1da2a6eb6', 500000]"	{}	None	31-03-2026 14:16	31-03-2026 14:16	31-03-2026 14:21	0.000653982	302.2861085
e4006894-09cf-4574-8530-1e2ec4a795f2	app.api.annotation.materialise_annotations	SUCCESS	"['5e385ab1-824b-492f-b8be-44cda38867e4', 500000]"	{}	None	31-03-2026 14:11	31-03-2026 14:11	31-03-2026 14:16	0.000678301	296.1029682
ec79c643-506a-41df-a14a-aa79c43f5572	app.api.annotation.materialise_annotations	SUCCESS	"['3a2f136c-f8f5-4f54-848b-a7b4fbb25319', 500000]"	{}	None	31-03-2026 14:06	31-03-2026 14:06	31-03-2026 14:11	0.000478029	297.7565501
9bd3d9b4-9c41-4b9d-ae94-78904960623d	app.api.annotation.materialise_annotations	SUCCESS	"['0f538e3f-7fbc-4042-b633-ec603b8441be', 500000]"	{}	None	31-03-2026 14:01	31-03-2026 14:01	31-03-2026 14:06	0.00051713	299.6895432
1eb00577-ec0e-45c6-b919-54805b3c3e24	app.api.annotation.materialise_annotations	SUCCESS	"['5bfc2b87-c0b4-4ddc-94a0-cc9217a12851', 300000]"	{}	None	31-03-2026 13:58	31-03-2026 13:58	31-03-2026 14:01	0.000485182	202.9797139
6b8aeddd-203a-4f3b-b5f8-00b4ca6fd9da	app.api.annotation.materialise_annotations	SUCCESS	"['adf7a86e-bf8a-4556-8f1d-665febeb3668', 300000]"	{}	None	31-03-2026 13:55	31-03-2026 13:55	31-03-2026 13:58	0.000496149	201.4205501
8cdfcb78-ff29-49bb-923a-1507d28b42e0	app.api.annotation.materialise_annotations	SUCCESS	"['d65cce97-2d84-4608-a2d9-3888ed621ca1', 300000]"	{}	None	31-03-2026 13:51	31-03-2026 13:51	31-03-2026 13:55	0.000442982	203.2447374
913a5f37-f319-4b10-873b-c32edea07050	app.api.annotation.materialise_annotations	SUCCESS	"['a49406ab-408c-4052-9307-3475739dc6cb', 300000]"	{}	None	31-03-2026 13:48	31-03-2026 13:48	31-03-2026 13:51	0.000496864	207.1470399
569ee28c-27f7-4a50-a429-20a06c98a294	app.api.annotation.materialise_annotations	SUCCESS	"['f48b58cd-388e-4a7f-83a0-0cc0a1b341fa', 300000]"	{}	None	31-03-2026 13:44	31-03-2026 13:44	31-03-2026 13:48	0.000545502	203.0840194
d339e26a-383e-495d-8812-c24d13b0243e	app.api.annotation.materialise_annotations	SUCCESS	"['84f46ec8-1d34-42a7-bb7d-63a120777e40', 300000]"	{}	None	31-03-2026 13:41	31-03-2026 13:41	31-03-2026 13:44	0.000541449	203.0203311
8dc50d22-65a3-4939-92b9-278b0029129b	app.api.annotation.materialise_annotations	SUCCESS	"['4a57def7-6676-4ac0-aa79-cf4c85bf0320', 300000]"	{}	None	31-03-2026 13:38	31-03-2026 13:38	31-03-2026 13:41	0.000554085	203.0813522
837b7486-d65d-45cf-b296-355112afe6c0	app.api.annotation.materialise_annotations	SUCCESS	"['d1cf7026-d019-413c-8b24-83b80de23e0e', 300000]"	{}	None	31-03-2026 13:34	31-03-2026 13:34	31-03-2026 13:38	0.000566483	203.361069
44d3d059-bad8-49b8-a070-e46dcc300de0	app.api.annotation.materialise_annotations	SUCCESS	"['89f7cf2f-6283-4bd2-a87b-ccd750505b81', 300000]"	{}	None	31-03-2026 13:31	31-03-2026 13:31	31-03-2026 13:34	0.000494242	202.7725315
653c07e8-6048-441c-9813-938ce2650d91	app.api.annotation.materialise_annotations	SUCCESS	"['c7306ce8-72a7-4d86-820d-990987a4ecf8', 300000]"	{}	None	31-03-2026 13:27	31-03-2026 13:27	31-03-2026 13:31	0.000567675	198.8680513
3b033ae0-6489-4e65-84ad-ba35ae41ed93	app.api.annotation.materialise_annotations	SUCCESS	"['8155348d-fc90-4c73-a195-e95b0c07fb7d', 300000]"	{}	None	31-03-2026 13:24	31-03-2026 13:24	31-03-2026 13:27	0.000738621	198.2765014
5ebe27f9-9480-49f6-8cb5-bbf43c7763fc	app.api.annotation.materialise_annotations	SUCCESS	"['5990cf1c-3aa6-4123-8879-48a99256e84b', 300000]"	{}	None	31-03-2026 13:21	31-03-2026 13:21	31-03-2026 13:24	0.000498533	201.0712638
4ad6f891-af38-40b7-9ae5-57cfbbeaecd8	app.api.annotation.materialise_annotations	SUCCESS	"['0681ec4b-70a8-4775-a1cd-61627162b9d1', 300000]"	{}	None	31-03-2026 13:17	31-03-2026 13:17	31-03-2026 13:21	0.00045085	202.1681893
91cf4113-69f1-453f-946f-8c313c26b3de	app.api.annotation.materialise_annotations	SUCCESS	"['f4ddc61a-8a70-4be4-90e1-cf7c75f41423', 300000]"	{}	None	31-03-2026 13:14	31-03-2026 13:14	31-03-2026 13:17	0.000581026	201.6124191
693a0cdc-bb98-48a2-afd6-dfb327341608	app.api.annotation.materialise_annotations	SUCCESS	"['0ddecad0-09df-4700-9086-8ffd0903b02e', 300000]"	{}	None	31-03-2026 13:11	31-03-2026 13:11	31-03-2026 13:14	0.00051713	199.9405351
1ed06f14-cf3c-4b35-b3d6-0d02a5f6356c	app.api.annotation.materialise_annotations	SUCCESS	"['483b40ef-ed21-4ecf-8e32-7ca04e704e1c', 200000]"	{}	None	31-03-2026 13:09	31-03-2026 13:09	31-03-2026 13:11	0.000632048	98.29207826
9c2b3680-60d9-4e71-8a61-1195ea19df36	app.api.annotation.materialise_annotations	SUCCESS	"['f136297e-a951-4b9c-9fc4-417c246dc74e', 200000]"	{}	None	31-03-2026 13:07	31-03-2026 13:07	31-03-2026 13:09	0.000608206	97.28165483
632e60d1-8b43-4794-a69b-4f61f8a5242c	app.api.annotation.materialise_annotations	SUCCESS	"['ef66a50c-edce-4cfe-9a23-b400d73e4a29', 200000]"	{}	None	31-03-2026 13:06	31-03-2026 13:06	31-03-2026 13:07	0.00050211	97.59069991
ddd293b8-338f-49b2-a2bb-40d7ffcf13d2	app.api.annotation.materialise_annotations	SUCCESS	"['7621eac2-a419-4292-bed7-798ea5f45fbd', 200000]"	{}	None	31-03-2026 13:04	31-03-2026 13:04	31-03-2026 13:06	0.000520945	97.67816401
6829423f-d67d-46b9-8e82-4247b5cf8b8f	app.api.annotation.materialise_annotations	SUCCESS	"['60ba582a-3693-48f4-9833-5b77a6bfab0d', 200000]"	{}	None	31-03-2026 13:03	31-03-2026 13:03	31-03-2026 13:04	0.000576258	97.55130363
518b24ff-129d-4d69-bd24-f971153cd822	app.api.annotation.materialise_annotations	SUCCESS	"['0f5e09be-239c-4cd8-9cee-0d766ea832db', 200000]"	{}	None	31-03-2026 13:01	31-03-2026 13:01	31-03-2026 13:03	0.000489712	97.30606961
dd3e904d-5617-4ce1-a746-4640f1855712	app.api.annotation.materialise_annotations	SUCCESS	"['2405d5f0-1c58-48d6-a7d7-45181a3fb2e8', 200000]"	{}	None	31-03-2026 12:59	31-03-2026 12:59	31-03-2026 13:01	0.000526667	97.31355929
3c84523b-e29b-42b5-b9c5-bcb0e1b36002	app.api.annotation.materialise_annotations	SUCCESS	"['62d18265-69d7-4905-8b6f-88f78470bc6a', 200000]"	{}	None	31-03-2026 12:58	31-03-2026 12:58	31-03-2026 12:59	0.000720978	97.25945377
38d89176-bdc1-4423-817e-c334d718613d	app.api.annotation.materialise_annotations	SUCCESS	"['4b870065-9392-4858-8ae3-d3413a799de3', 200000]"	{}	None	31-03-2026 12:56	31-03-2026 12:56	31-03-2026 12:58	0.000647306	97.65740681
089531c2-c05e-495a-ae8b-104807e17e14	app.api.annotation.materialise_annotations	SUCCESS	"['240acc02-b32c-4361-8a0e-ff7dc1972b4c', 200000]"	{}	None	31-03-2026 12:54	31-03-2026 12:54	31-03-2026 12:56	0.000579596	96.93307257
3166b8ec-5eea-486f-b23f-1315642640a5	app.api.annotation.materialise_annotations	SUCCESS	"['a3acbfbc-d227-4add-ba51-331cd7236cc1', 200000]"	{}	None	31-03-2026 12:53	31-03-2026 12:53	31-03-2026 12:54	0.000516415	97.2538209
dd93d856-1cde-48ef-a8fe-ce7c8153d34a	app.api.annotation.materialise_annotations	SUCCESS	"['c0a78999-8d5a-423f-80a7-24e924fdedeb', 200000]"	{}	None	31-03-2026 12:51	31-03-2026 12:51	31-03-2026 12:53	0.000494242	97.4488368
23f73185-c542-492e-8230-c175f85612ff	app.api.annotation.materialise_annotations	SUCCESS	"['c2baae56-1a4e-4637-af31-7aa31c1caff2', 200000]"	{}	None	31-03-2026 12:50	31-03-2026 12:50	31-03-2026 12:51	0.000705481	97.05826235
8332953d-258a-44a8-aedd-dc132d828f7c	app.api.annotation.materialise_annotations	SUCCESS	"['0e94452c-8875-44ba-8bd7-ae22557602cb', 200000]"	{}	None	31-03-2026 12:48	31-03-2026 12:48	31-03-2026 12:50	0.000514984	96.41637206
227bb73d-9eaa-4ba9-9faf-b0b85e6faad7	app.api.annotation.materialise_annotations	SUCCESS	"['2aa46696-15b1-4a6f-92c3-eda57345058a', 200000]"	{}	None	31-03-2026 12:46	31-03-2026 12:46	31-03-2026 12:48	0.000652552	98.17865372
fc3b4492-086d-48ce-a71f-29bcc525b39d	app.api.annotation.materialise_annotations	SUCCESS	"['20a7958a-aba7-4bcb-a534-07ba81158bb6', 150000]"	{}	None	31-03-2026 12:45	31-03-2026 12:45	31-03-2026 12:46	0.000580549	88.87799549
3318c6c9-f09b-475b-a62e-5edaca3ee7dd	app.api.annotation.materialise_annotations	SUCCESS	"['c3d1c489-0d29-4ca9-aa36-ee03d96a1d87', 150000]"	{}	None	31-03-2026 12:43	31-03-2026 12:43	31-03-2026 12:45	0.001069069	88.31089735
c1064554-d04b-4f5e-8539-0b98bf575831	app.api.annotation.materialise_annotations	SUCCESS	"['ae172439-faf2-469b-af19-4bfe39bd8fe3', 150000]"	{}	None	31-03-2026 12:42	31-03-2026 12:42	31-03-2026 12:43	0.000517368	87.30254984
452302af-becd-458c-97aa-d6fe405179f4	app.api.annotation.materialise_annotations	SUCCESS	"['5f87ce61-4891-413f-a5f5-50e90af776fe', 150000]"	{}	None	31-03-2026 12:40	31-03-2026 12:40	31-03-2026 12:42	0.000924349	89.17956281
68bf0561-2db9-4549-838f-4c624f6914be	app.api.annotation.materialise_annotations	SUCCESS	"['c1d2572a-d7e5-4a7e-8f27-f2463a10979d', 150000]"	{}	None	31-03-2026 12:39	31-03-2026 12:39	31-03-2026 12:40	0.000525236	88.57623506
2f553b58-3515-4f27-920d-137413a0488e	app.api.annotation.materialise_annotations	SUCCESS	"['6372b681-a3d3-4ee3-8d42-45df0bdd854c', 150000]"	{}	None	31-03-2026 12:38	31-03-2026 12:38	31-03-2026 12:39	0.00083375	87.9818902
926f1ecf-22a1-4d4d-9678-842376bc5adc	app.api.annotation.materialise_annotations	SUCCESS	"['5e44a375-5381-4716-8046-a6d17166c24a', 150000]"	{}	None	31-03-2026 12:36	31-03-2026 12:36	31-03-2026 12:38	0.000548601	88.72706032
59eeab29-9f6b-44f3-bd8d-f9a3197132da	app.api.annotation.materialise_annotations	SUCCESS	"['e36fc7bb-7c70-404a-b61d-fd844c8a658f', 150000]"	{}	None	31-03-2026 12:35	31-03-2026 12:35	31-03-2026 12:36	0.00048399	87.8140173
70c6e42e-0706-4947-8cc3-c6a4524383a9	app.api.annotation.materialise_annotations	SUCCESS	"['742401b2-06ed-4d59-ba2f-f4898bbb75aa', 150000]"	{}	None	31-03-2026 12:33	31-03-2026 12:33	31-03-2026 12:35	0.000643015	88.68617058
c6f4b953-c348-427a-ab26-2266b6d7f3c1	app.api.annotation.materialise_annotations	SUCCESS	"['3966cdf8-bcc2-45d9-a2f5-fca4e62ca685', 150000]"	{}	None	31-03-2026 12:32	31-03-2026 12:32	31-03-2026 12:33	0.000658274	87.90962219
13fa8897-56f0-4d4a-856e-dd8ae6174b26	app.api.annotation.materialise_annotations	SUCCESS	"['1c10bb90-df59-449b-af4b-29e9d4682ead', 150000]"	{}	None	31-03-2026 12:30	31-03-2026 12:30	31-03-2026 12:32	0.000522614	88.40959024
74efdd43-7e37-4315-ad76-fcd3cd7d0957	app.api.annotation.materialise_annotations	SUCCESS	"['83632dda-ed86-455f-806f-94e23863dfa8', 150000]"	{}	None	31-03-2026 12:29	31-03-2026 12:29	31-03-2026 12:30	0.000468731	89.30373263
28d51274-2748-40e3-b011-ad165942ed52	app.api.annotation.materialise_annotations	SUCCESS	"['0d422f9e-50c4-4e8b-9d83-0117b997192c', 150000]"	{}	None	31-03-2026 12:27	31-03-2026 12:27	31-03-2026 12:29	0.00056839	87.45093894
ccb67dc1-27e3-4661-a936-4cf05f7f8bb5	app.api.annotation.materialise_annotations	SUCCESS	"['83ef7673-8535-48ca-8d3c-98ca8afb6a6e', 150000]"	{}	None	31-03-2026 12:26	31-03-2026 12:26	31-03-2026 12:27	0.000516415	87.66151524
ef556148-c19d-4ca2-979c-a34991156418	app.api.annotation.materialise_annotations	SUCCESS	"['3868d3bd-99ac-45e7-82a7-8e12723574c1', 150000]"	{}	None	31-03-2026 12:24	31-03-2026 12:24	31-03-2026 12:26	0.000488043	89.87585354
a5448e56-e9e9-4a22-8422-3232b977fbe2	app.api.annotation.materialise_annotations	SUCCESS	"['bf391e7a-2b61-4198-a7ee-a55d69de7a4b', 100000]"	{}	None	31-03-2026 12:23	31-03-2026 12:23	31-03-2026 12:24	0.001233816	75.71331501
6ef67ebd-a1c3-4372-8f36-732798c95ea7	app.api.annotation.materialise_annotations	SUCCESS	"['ac563044-a7a2-42e7-9bf8-b19311d8657c', 100000]"	{}	None	31-03-2026 12:22	31-03-2026 12:22	31-03-2026 12:23	0.001401663	76.33219957
bb20710a-36e1-4ce1-93ea-f2d8a37854e5	app.api.annotation.materialise_annotations	SUCCESS	"['9b82c1ff-463b-4c28-b5ce-a9e11d85f791', 100000]"	{}	None	31-03-2026 12:20	31-03-2026 12:20	31-03-2026 12:22	0.000712633	75.84240484
eb735955-7a37-4651-ade6-94a236725646	app.api.annotation.materialise_annotations	SUCCESS	"['7a0af857-ddac-478e-818a-b6fe8b20d209', 100000]"	{}	None	31-03-2026 12:19	31-03-2026 12:19	31-03-2026 12:20	0.000531435	75.93416214
5a11b955-81a5-42df-9549-ac1395276025	app.api.annotation.materialise_annotations	SUCCESS	"['2313b4d9-f5e2-4e50-894f-e2bd9adf7124', 100000]"	{}	None	31-03-2026 12:18	31-03-2026 12:18	31-03-2026 12:19	0.000618935	74.73210001
9804a782-73aa-4e3b-8442-8dd6bbd98b10	app.api.annotation.materialise_annotations	SUCCESS	"['afe51046-9794-4558-9bd8-9340d5e47687', 100000]"	{}	None	31-03-2026 12:17	31-03-2026 12:17	31-03-2026 12:18	0.000522852	75.45159507
43e252dd-ecb6-4e18-b0bf-6a5b49a6e13d	app.api.annotation.materialise_annotations	SUCCESS	"['31c28d15-155b-4abf-a0f7-357daf33fc8c', 100000]"	{}	None	31-03-2026 12:15	31-03-2026 12:15	31-03-2026 12:17	0.000488758	75.68847346
9f066c0c-4979-4e0b-8e3a-e44378dd839f	app.api.annotation.materialise_annotations	SUCCESS	"['6203ff38-ed68-4eca-9ea1-27d279153617', 100000]"	{}	None	31-03-2026 12:14	31-03-2026 12:14	31-03-2026 12:15	0.000515699	74.76976967
c5ebbf42-74b8-4a84-aadf-a0331b45e080	app.api.annotation.materialise_annotations	SUCCESS	"['134f54e4-fe54-4c80-9133-d161da2321ee', 100000]"	{}	None	31-03-2026 12:13	31-03-2026 12:13	31-03-2026 12:14	0.000610352	75.306494
2d1ff1d5-7d7a-4414-84d3-611e384027ba	app.api.annotation.materialise_annotations	SUCCESS	"['271d32ec-d31b-435f-bcff-32bbdd00dbea', 100000]"	{}	None	31-03-2026 12:12	31-03-2026 12:12	31-03-2026 12:13	0.000433445	75.06202888
1f7d778e-a148-4776-93bd-1df4eed944b7	app.api.annotation.materialise_annotations	SUCCESS	"['7c82373c-0ad8-447e-9dcd-ef7ef7dad282', 100000]"	{}	None	31-03-2026 12:10	31-03-2026 12:10	31-03-2026 12:12	0.000667572	75.27117491
ced8384b-e2a3-46c8-9fd0-b2d0ad31a418	app.api.annotation.materialise_annotations	SUCCESS	"['a2a7c551-282a-4bb9-8b10-b1ddff237527', 100000]"	{}	None	31-03-2026 12:09	31-03-2026 12:09	31-03-2026 12:10	0.000464916	75.06009388
eb366a8d-7492-4884-a072-0c0cc8734927	app.api.annotation.materialise_annotations	SUCCESS	"['143b641b-f170-493e-85b6-b5e2d5bde81e', 100000]"	{}	None	31-03-2026 12:08	31-03-2026 12:08	31-03-2026 12:09	0.000534296	74.3008008
fa656203-46b2-4d7d-850a-f750128bd740	app.api.annotation.materialise_annotations	SUCCESS	"['d03b9eac-c5a4-4315-ad3d-fdd8e5f2dcb5', 100000]"	{}	None	31-03-2026 12:07	31-03-2026 12:07	31-03-2026 12:08	0.000537395	75.21526265
35def74e-e7f5-4b71-85ca-29edc9e87f0d	app.api.annotation.materialise_annotations	SUCCESS	"['2ace7cf2-af70-4e0a-bce9-76be8037bac2', 100000]"	{}	None	31-03-2026 12:05	31-03-2026 12:05	31-03-2026 12:07	0.000489712	76.36978388
2f0b345d-7e7e-4399-b40c-8cf479a0b8e1	app.api.annotation.materialise_annotations	SUCCESS	"['bde7e6f8-a8d2-49bf-9820-02c3474e20f5', 75000]"	{}	None	31-03-2026 12:04	31-03-2026 12:04	31-03-2026 12:05	0.000588894	67.29027867
86e073d8-dc0c-4d4c-893a-929df277fd78	app.api.annotation.materialise_annotations	SUCCESS	"['265d4003-49e1-4efb-8df0-a9684cd3ec7c', 75000]"	{}	None	31-03-2026 12:03	31-03-2026 12:03	31-03-2026 12:04	0.000554562	67.58229947
be0a9769-3841-4302-a040-58835dfe094f	app.api.annotation.materialise_annotations	SUCCESS	"['2f6aaa24-b677-49ea-97c4-c9eec705d050', 75000]"	{}	None	31-03-2026 12:02	31-03-2026 12:02	31-03-2026 12:03	0.000603437	67.08468986
dc024ab5-3b42-47f9-a9bc-8ce19d4d65cd	app.api.annotation.materialise_annotations	SUCCESS	"['e7656525-399a-4fa6-b74b-8df24773d6b9', 75000]"	{}	None	31-03-2026 12:01	31-03-2026 12:01	31-03-2026 12:02	0.000498772	67.10635662
f3db5c52-c133-4b70-8dd0-bdb3a692814f	app.api.annotation.materialise_annotations	SUCCESS	"['9b7bf831-21fc-4a57-a866-d1b285757134', 75000]"	{}	None	31-03-2026 12:00	31-03-2026 12:00	31-03-2026 12:01	0.000486135	67.47851396
7c1df26f-7f65-4743-a111-069b2ef1a2a4	app.api.annotation.materialise_annotations	SUCCESS	"['de970b03-08e0-484f-a287-97e6b6e5abc0', 75000]"	{}	None	31-03-2026 11:59	31-03-2026 11:59	31-03-2026 12:00	0.000920057	68.03730774
f014a933-a36b-401a-bb73-eb50170a0875	app.api.annotation.materialise_annotations	SUCCESS	"['c188aa6d-d549-49bf-83ab-4a30a46d1621', 75000]"	{}	None	31-03-2026 11:58	31-03-2026 11:58	31-03-2026 11:59	0.000748396	67.66314888
5b27bee2-45ee-4204-853f-081cd26794e4	app.api.annotation.materialise_annotations	SUCCESS	"['cc8e76fd-a03d-42ae-9101-fc847c061a37', 75000]"	{}	None	31-03-2026 11:56	31-03-2026 11:56	31-03-2026 11:58	0.000673294	67.30091882
47106276-f889-49e0-85eb-7cb60049d063	app.api.annotation.materialise_annotations	SUCCESS	"['3810b3a5-c06f-48ab-9877-578ddd512c10', 75000]"	{}	None	31-03-2026 11:55	31-03-2026 11:55	31-03-2026 11:56	0.000872135	68.30105019
4409779e-67d3-480d-a528-22a4b71fc2f8	app.api.annotation.materialise_annotations	SUCCESS	"['cb41368e-5355-410d-b6f2-c43a41688515', 75000]"	{}	None	31-03-2026 11:54	31-03-2026 11:54	31-03-2026 11:55	0.000818253	67.0854485
a09a6797-820a-407a-96bf-cff8f2f02643	app.api.annotation.materialise_annotations	SUCCESS	"['5c1f11cc-b215-484e-a7a8-8466ab7c11f4', 75000]"	{}	None	31-03-2026 11:53	31-03-2026 11:53	31-03-2026 11:54	0.00073123	67.75515175
54262ed7-a4f5-4b0c-be0c-1245d4a3da22	app.api.annotation.materialise_annotations	SUCCESS	"['f205783f-7a4b-47a8-a875-4fe88e02c06e', 75000]"	{}	None	31-03-2026 11:52	31-03-2026 11:52	31-03-2026 11:53	0.000521421	66.90996337
8465826f-7d29-42de-8018-2523574c9a6b	app.api.annotation.materialise_annotations	SUCCESS	"['68eedfcc-f52f-428b-8fe9-a39503204c18', 75000]"	{}	None	31-03-2026 11:51	31-03-2026 11:51	31-03-2026 11:52	0.000667095	67.23185802
fe59e136-e117-4421-8bd5-00e0a5fd9c6d	app.api.annotation.materialise_annotations	SUCCESS	"['f822db1c-18fd-445c-a0c6-76d445826707', 75000]"	{}	None	31-03-2026 11:50	31-03-2026 11:50	31-03-2026 11:51	0.000749111	66.99898386
a1addf5e-4ecd-4d46-b97d-3dedc2e35849	app.api.annotation.materialise_annotations	SUCCESS	"['2600ded0-7650-4501-b3a4-3cff59ea3d00', 75000]"	{}	None	31-03-2026 11:49	31-03-2026 11:49	31-03-2026 11:50	0.0005548	67.90426469
3f2af1f9-fa60-4d47-abdb-2e16d8b2d8ca	app.api.annotation.materialise_annotations	SUCCESS	"['f797c7b9-73b9-4648-a4b5-e9bb428433b5', 50000]"	{}	None	31-03-2026 11:48	31-03-2026 11:48	31-03-2026 11:49	0.001203775	55.99700475
b4a749eb-ece2-4b5d-9845-5f4452814dfd	app.api.annotation.materialise_annotations	SUCCESS	"['89ff8de2-29e9-47a5-83a1-6134ae4892ae', 50000]"	{}	None	31-03-2026 11:47	31-03-2026 11:47	31-03-2026 11:48	0.000611067	56.12772727
d756a20b-68e6-489a-9387-31bd37318f8a	app.api.annotation.materialise_annotations	SUCCESS	"['a9fa4f51-6614-4d03-ab68-39330c74e8da', 50000]"	{}	None	31-03-2026 11:46	31-03-2026 11:46	31-03-2026 11:47	0.000523567	56.23358274
6c8c06be-4661-4370-8f9d-1ac428fbf0b5	app.api.annotation.materialise_annotations	SUCCESS	"['17f0a399-8391-40ac-8a1f-cb2851777f97', 50000]"	{}	None	31-03-2026 11:45	31-03-2026 11:45	31-03-2026 11:46	0.000622034	55.6236794
a21b4d31-dc84-46d2-a211-7ae3834a421b	app.api.annotation.materialise_annotations	SUCCESS	"['da54071b-d1a1-45a7-a87b-4474f8ed62a9', 50000]"	{}	None	31-03-2026 11:44	31-03-2026 11:44	31-03-2026 11:45	0.000720978	56.43707466
ab763f25-3acf-4a99-b06e-2a3107e52b81	app.api.annotation.materialise_annotations	SUCCESS	"['f46db846-66db-4387-8751-cbbc39450a9c', 50000]"	{}	None	31-03-2026 11:43	31-03-2026 11:43	31-03-2026 11:44	0.000559568	56.67810082
5b5c7a10-59f6-4dd6-af1b-ca65e88c10c4	app.api.annotation.materialise_annotations	SUCCESS	"['12af6975-3b1a-48f9-9d61-e6edb83d04da', 50000]"	{}	None	31-03-2026 11:42	31-03-2026 11:42	31-03-2026 11:43	0.000468016	55.71123409
0ea888b3-b41b-4c19-9baf-d3c66528449d	app.api.annotation.materialise_annotations	SUCCESS	"['13dd1492-d6c3-4226-a344-5a2ee7dee117', 50000]"	{}	None	31-03-2026 11:41	31-03-2026 11:41	31-03-2026 11:42	0.000468016	57.32542729
a91330e6-76c7-4d48-b893-c3d04ef09978	app.api.annotation.materialise_annotations	SUCCESS	"['0eeaafcb-c8e4-44f7-bf35-ecf4b2adc7c1', 50000]"	{}	None	31-03-2026 11:40	31-03-2026 11:40	31-03-2026 11:41	0.000475645	55.75005293
70f9e902-f28d-4986-9a8d-90e9029caf33	app.api.annotation.materialise_annotations	SUCCESS	"['13a484c5-8c20-4805-912f-3a22251a2833', 50000]"	{}	None	31-03-2026 11:39	31-03-2026 11:39	31-03-2026 11:40	0.00056839	55.78630567
f8af6258-f726-4c25-afc0-bf4d4d5ed5bb	app.api.annotation.materialise_annotations	SUCCESS	"['032382c1-b5e8-462d-89f8-2d1a2f744daf', 50000]"	{}	None	31-03-2026 11:38	31-03-2026 11:38	31-03-2026 11:39	0.000605106	55.29287052
3f82cb81-46c0-4867-8825-23f6defe1539	app.api.annotation.materialise_annotations	SUCCESS	"['4a375306-1d51-4913-803d-ef16f153dc32', 50000]"	{}	None	31-03-2026 11:37	31-03-2026 11:37	31-03-2026 11:38	0.000511646	56.47473264
7e85a453-038c-4360-bcca-85495e72c517	app.api.annotation.materialise_annotations	SUCCESS	"['310e70ad-7289-4ce9-a8d9-7e924e83b06e', 50000]"	{}	None	31-03-2026 11:36	31-03-2026 11:36	31-03-2026 11:37	0.000478029	56.58682561
91c9bed5-fa6b-4534-b65a-c436a35caa37	app.api.annotation.materialise_annotations	SUCCESS	"['a6feb8cb-8c10-45ba-ae7f-2154696b8ac1', 50000]"	{}	None	31-03-2026 11:35	31-03-2026 11:35	31-03-2026 11:36	0.001037121	56.23116016
05bddf9e-d444-45b3-9216-1a521d746c3e	app.api.annotation.materialise_annotations	SUCCESS	"['9e77c74f-19b0-439c-be56-187289d5b74f', 50000]"	{}	None	31-03-2026 11:35	31-03-2026 11:35	31-03-2026 11:35	0.000534058	56.58115792
f8f7dd45-5227-4e3b-b04b-66a745fdfe10	app.api.annotation.materialise_annotations	SUCCESS	"['e81b449f-bbe4-4a2c-a573-18ec1bf03af2', 20000]"	{}	None	31-03-2026 11:34	31-03-2026 11:34	31-03-2026 11:35	0.00135684	35.6821301
1b5b3fcb-3185-4d38-bbaa-579a85af421f	app.api.annotation.materialise_annotations	SUCCESS	"['cfd816b5-91da-4dc2-8ca3-c7adfda3b4b1', 20000]"	{}	None	31-03-2026 11:33	31-03-2026 11:33	31-03-2026 11:34	0.000731945	35.9276278
3a71c4cd-e90f-440c-812a-0cf893f40201	app.api.annotation.materialise_annotations	SUCCESS	"['6feb8f2f-5bc1-4cbf-a06a-8cfe37d91ef5', 20000]"	{}	None	31-03-2026 11:33	31-03-2026 11:33	31-03-2026 11:33	0.000464201	35.43867302
854abfc4-a60c-424f-a158-bb4a86420a45	app.api.annotation.materialise_annotations	SUCCESS	"['414e63ae-ed35-42fd-b722-7db2f6526458', 20000]"	{}	None	31-03-2026 11:32	31-03-2026 11:32	31-03-2026 11:33	0.000493526	35.90886354
89b4b2be-76e6-4ec1-aa39-53bcf9c7ad06	app.api.annotation.materialise_annotations	SUCCESS	"['a2be3157-1217-430d-9221-c5dd3d5217d1', 20000]"	{}	None	31-03-2026 11:32	31-03-2026 11:32	31-03-2026 11:32	0.000489473	35.54641438
aef3dd59-9bc0-427b-ab3f-e74131a6bdab	app.api.annotation.materialise_annotations	SUCCESS	"['fe3ba23d-fea0-4a2d-be39-7c215d05b2f8', 20000]"	{}	None	31-03-2026 11:31	31-03-2026 11:31	31-03-2026 11:32	0.00063777	35.74266696
656e8928-6b1a-4fa8-8b20-93c65c6b802b	app.api.annotation.materialise_annotations	SUCCESS	"['c1a86834-9486-4ca9-8d5f-09d01887d5ec', 20000]"	{}	None	31-03-2026 11:30	31-03-2026 11:30	31-03-2026 11:31	0.000618458	35.86243773
3882cb28-c244-43c2-8a78-8f9f4573a333	app.api.annotation.materialise_annotations	SUCCESS	"['8d35a3fb-d5f0-4099-a5fb-cdf63e213fd1', 20000]"	{}	None	31-03-2026 11:30	31-03-2026 11:30	31-03-2026 11:30	0.000510931	35.96192622
be8e7aff-c076-4203-b2d1-bc3559062886	app.api.annotation.materialise_annotations	SUCCESS	"['8b38cdff-de67-4a9f-a335-67db6eace7b2', 20000]"	{}	None	31-03-2026 11:29	31-03-2026 11:29	31-03-2026 11:30	0.000510454	35.62501359
fd8eb630-76ac-4363-822f-ce949e97182d	app.api.annotation.materialise_annotations	SUCCESS	"['ad87e43b-b2ab-42a6-8b0c-303ab278002f', 20000]"	{}	None	31-03-2026 11:29	31-03-2026 11:29	31-03-2026 11:29	0.000505209	36.14578891
e127f541-56f8-4d47-bd21-4c45f25a07ed	app.api.annotation.materialise_annotations	SUCCESS	"['88ccb1b0-ba10-4214-be28-7b5cb2304350', 20000]"	{}	None	31-03-2026 11:28	31-03-2026 11:28	31-03-2026 11:29	0.000608206	35.67297912
ffc779bc-ff15-4309-9471-e9189e2e1b2c	app.api.annotation.materialise_annotations	SUCCESS	"['6bb72f73-329f-43b8-94fa-ba6d973a1d12', 20000]"	{}	None	31-03-2026 11:27	31-03-2026 11:27	31-03-2026 11:28	0.000542879	36.23401999
30738f38-54c3-489f-ad1b-e42dc5125400	app.api.annotation.materialise_annotations	SUCCESS	"['93eae7eb-f5c0-4e4c-8b56-599c9d0d5c20', 20000]"	{}	None	31-03-2026 11:27	31-03-2026 11:27	31-03-2026 11:27	0.000479698	35.55138683
92a73e4f-4d71-44aa-9245-9f9fb4b44e8d	app.api.annotation.materialise_annotations	SUCCESS	"['0426f49f-c61d-4315-a225-2f52681f46b7', 20000]"	{}	None	31-03-2026 11:26	31-03-2026 11:26	31-03-2026 11:27	0.000437021	35.88231921
094b93da-12fa-4b7b-8b86-f3307e0a5cf0	app.api.annotation.materialise_annotations	SUCCESS	"['21ae3ac2-2e51-48b2-901f-39e863657442', 20000]"	{}	None	31-03-2026 11:26	31-03-2026 11:26	31-03-2026 11:26	0.000560999	36.05620146
c44353f8-c05c-4469-9c10-9a09ed96e44f	app.api.annotation.materialise_annotations	SUCCESS	"['ee2cb424-d80f-413e-8158-b54408f345c0', 10000]"	{}	None	31-03-2026 11:25	31-03-2026 11:25	31-03-2026 11:26	0.00055933	25.88094711
afaf567f-20f9-4772-b5ae-f233d8381960	app.api.annotation.materialise_annotations	SUCCESS	"['90b9745e-1476-4b13-bc45-6e16bdcde0f5', 10000]"	{}	None	31-03-2026 11:25	31-03-2026 11:25	31-03-2026 11:25	0.000436783	25.86368895
98e2a1c6-7d88-489a-add7-69282612a846	app.api.annotation.materialise_annotations	SUCCESS	"['e08252c2-2b7c-41c1-a804-8d800f679969', 10000]"	{}	None	31-03-2026 11:24	31-03-2026 11:24	31-03-2026 11:25	0.000512838	25.53495145
c449a308-69ac-439e-8e14-a1be73c3da21	app.api.annotation.materialise_annotations	SUCCESS	"['f4e6752f-7e66-47b9-9f18-adb08b511a76', 10000]"	{}	None	31-03-2026 11:24	31-03-2026 11:24	31-03-2026 11:24	0.000569344	26.17721319
04e6c179-a97f-42e1-ae5c-3e7a1db1f10c	app.api.annotation.materialise_annotations	SUCCESS	"['47df71d6-99cc-49c3-b49e-6c5d0afd221d', 10000]"	{}	None	31-03-2026 11:23	31-03-2026 11:23	31-03-2026 11:24	0.000513315	25.86007261
f8dc698d-4ff4-466e-be5e-495b9e5c71a3	app.api.annotation.materialise_annotations	SUCCESS	"['b301e212-9e13-4d1f-b94c-5036298e8f96', 10000]"	{}	None	31-03-2026 11:23	31-03-2026 11:23	31-03-2026 11:23	0.00050354	26.08285213
5b2361f2-7137-45a1-b05c-6595cbaf47b1	app.api.annotation.materialise_annotations	SUCCESS	"['02725922-236b-4b65-9861-4db9dddc3d96', 10000]"	{}	None	31-03-2026 11:23	31-03-2026 11:23	31-03-2026 11:23	0.000428438	25.73196745
4e999b04-f1c7-4434-8b3e-e19cb905cd48	app.api.annotation.materialise_annotations	SUCCESS	"['822dd0b9-5909-4b75-b3d3-8875f8cccd5f', 10000]"	{}	None	31-03-2026 11:22	31-03-2026 11:22	31-03-2026 11:23	0.000685453	25.87262869
f1b00fdc-ac39-4ba0-ae8f-bc471ef1be0a	app.api.annotation.materialise_annotations	SUCCESS	"['366a2fc3-b9ad-4411-aca7-a210e304c88e', 10000]"	{}	None	31-03-2026 11:22	31-03-2026 11:22	31-03-2026 11:22	0.000531673	25.72643518
aef59cef-4573-47f9-9c18-efb8289de334	app.api.annotation.materialise_annotations	SUCCESS	"['4794a389-5936-4419-b521-8da42e57d978', 10000]"	{}	None	31-03-2026 11:21	31-03-2026 11:21	31-03-2026 11:22	0.000594854	25.62637353
7e821afa-3066-424d-b977-31acd83d63f5	app.api.annotation.materialise_annotations	SUCCESS	"['5e1c4e90-44c5-4318-90c8-df89eaba5c2c', 10000]"	{}	None	31-03-2026 11:21	31-03-2026 11:21	31-03-2026 11:21	0.001076937	25.9862628
00a1ed9f-100d-48ef-9055-57f8f971a80d	app.api.annotation.materialise_annotations	SUCCESS	"['8b6364fd-9b8f-4e59-91d8-a1d397de607e', 10000]"	{}	None	31-03-2026 11:20	31-03-2026 11:20	31-03-2026 11:21	0.00053525	25.83661675
b20b6d12-52da-4505-b402-fffc3d6779cd	app.api.annotation.materialise_annotations	SUCCESS	"['e44b3afb-7581-4420-94f5-ce0f2454795b', 10000]"	{}	None	31-03-2026 11:20	31-03-2026 11:20	31-03-2026 11:20	0.000500202	26.1400938
19251229-fc1d-4fdf-a66a-8232710e0818	app.api.annotation.materialise_annotations	SUCCESS	"['116fb3c2-7f08-49ea-8fc4-6aa511df1bf2', 10000]"	{}	None	31-03-2026 11:20	31-03-2026 11:20	31-03-2026 11:20	0.00057292	25.33217502
24c8227e-b633-44d4-862c-a26f5a9002e5	app.api.annotation.materialise_annotations	SUCCESS	"['56961f2a-7190-4a63-8626-e52f06fe28ad', 10000]"	{}	None	31-03-2026 11:19	31-03-2026 11:19	31-03-2026 11:20	0.000561476	26.94687295
a61e7e1c-ec36-40ad-8219-9c038cff1776	app.api.annotation.materialise_annotations	SUCCESS	"['04004bb5-ef51-4a4f-a18e-8487569913a6', 5000]"	{}	None	31-03-2026 11:19	31-03-2026 11:19	31-03-2026 11:19	0.00061059	20.09516954
ca748c9b-9c35-4c94-bfa0-ce56e586622e	app.api.annotation.materialise_annotations	SUCCESS	"['0ea9c2ee-1520-496a-8f00-c629eb096956', 5000]"	{}	None	31-03-2026 11:18	31-03-2026 11:18	31-03-2026 11:19	0.00063467	20.25485587
f9f2454b-4b52-4f9d-9902-2e5124d965d0	app.api.annotation.materialise_annotations	SUCCESS	"['0192bd24-8c61-44eb-8706-230aed4337c1', 5000]"	{}	None	31-03-2026 11:18	31-03-2026 11:18	31-03-2026 11:18	0.000477791	20.56080341
078fa028-9e16-4580-95f5-eb0ee70ceaac	app.api.annotation.materialise_annotations	SUCCESS	"['89383088-d5cd-4317-a01d-ee80f9f6efe6', 5000]"	{}	None	31-03-2026 11:18	31-03-2026 11:18	31-03-2026 11:18	0.000475407	20.34439564
9238faf1-eead-4ad3-9034-aa88ecb343b2	app.api.annotation.materialise_annotations	SUCCESS	"['c4a3e38b-5a7d-4645-b13d-aa2708c98818', 5000]"	{}	None	31-03-2026 11:17	31-03-2026 11:17	31-03-2026 11:18	0.000480413	20.27900434
d2558474-e449-4385-a042-93d28a92e193	app.api.annotation.materialise_annotations	SUCCESS	"['31e11cd1-d7a2-4ff0-8131-19ccf005570e', 5000]"	{}	None	31-03-2026 11:17	31-03-2026 11:17	31-03-2026 11:17	0.000494003	20.5182097
524640e6-1246-499c-8bd4-48be48702dab	app.api.annotation.materialise_annotations	SUCCESS	"['7360aaea-affd-4877-80e0-4e7d0719c483', 5000]"	{}	None	31-03-2026 11:17	31-03-2026 11:17	31-03-2026 11:17	0.000601768	20.2749207
21b6d542-7dad-4bd2-9f3b-317ae3bb9bc6	app.api.annotation.materialise_annotations	SUCCESS	"['6fda9ec3-abee-414b-b2a5-8d92e6fa78ca', 5000]"	{}	None	31-03-2026 11:16	31-03-2026 11:16	31-03-2026 11:17	0.000582933	20.0338769
b509b69b-277d-4435-b88a-95479d51bcf2	app.api.annotation.materialise_annotations	SUCCESS	"['1bd57643-ee81-44c8-b2b0-c6e108184d05', 5000]"	{}	None	31-03-2026 11:16	31-03-2026 11:16	31-03-2026 11:16	0.000615597	20.34429669
f72b9be0-3617-473a-b6d1-c5719d8bde83	app.api.annotation.materialise_annotations	SUCCESS	"['9311a22e-5182-43ec-8f1d-e43e04ee0795', 5000]"	{}	None	31-03-2026 11:16	31-03-2026 11:16	31-03-2026 11:16	0.000472784	20.24100041
6b583e84-dd46-402a-856f-a0783c3b6a74	app.api.annotation.materialise_annotations	SUCCESS	"['9744f472-a937-4c77-835b-2200902c4cc9', 5000]"	{}	None	31-03-2026 11:15	31-03-2026 11:15	31-03-2026 11:16	0.000499487	20.20240307
9ad24146-2662-488d-8745-79bf998a9f72	app.api.annotation.materialise_annotations	SUCCESS	"['b2018852-c91f-4a51-8e7c-fc0bec7048ce', 5000]"	{}	None	31-03-2026 11:15	31-03-2026 11:15	31-03-2026 11:15	0.000486374	20.33021545
c85d490f-b3b7-4534-8e55-ea0a433d94fd	app.api.annotation.materialise_annotations	SUCCESS	"['42fcbfed-bc8b-4b2c-857a-0680b761d64a', 5000]"	{}	None	31-03-2026 11:15	31-03-2026 11:15	31-03-2026 11:15	0.00044179	20.13434577
4a67a95a-f83f-4164-9493-2e8e898ad4af	app.api.annotation.materialise_annotations	SUCCESS	"['fb00b626-732c-47b7-a44d-e45ff75822e0', 5000]"	{}	None	31-03-2026 11:14	31-03-2026 11:14	31-03-2026 11:15	0.000475168	20.33723593
b098bc33-58a3-4e7f-9771-5cdb088c168f	app.api.annotation.materialise_annotations	SUCCESS	"['913d31e1-1dff-4323-8e77-ae0368cf2b98', 5000]"	{}	None	31-03-2026 11:14	31-03-2026 11:14	31-03-2026 11:14	0.001463413	20.71707702
7007def7-1524-47aa-8f64-666d391d5bc4	app.api.annotation.materialise_annotations	SUCCESS	"['d2ccc246-f272-4024-9eb7-8b7890ad8f0a', 2000]"	{}	None	31-03-2026 11:14	31-03-2026 11:14	31-03-2026 11:14	0.000670195	16.18518972
e90838d4-3ec5-4b20-8446-45792b4620f2	app.api.annotation.materialise_annotations	SUCCESS	"['2b00fe9c-8e61-4c0d-8a27-e4f611acb328', 2000]"	{}	None	31-03-2026 11:13	31-03-2026 11:13	31-03-2026 11:14	0.000672102	16.1786449
4225a57b-9a89-4feb-b077-d34b3c4a6a7a	app.api.annotation.materialise_annotations	SUCCESS	"['a659b42c-8816-405f-8f71-ad9422413de4', 2000]"	{}	None	31-03-2026 11:13	31-03-2026 11:13	31-03-2026 11:13	0.00068903	16.38653421
2482fbf8-f8dc-40ca-8d6d-70d546607573	app.api.annotation.materialise_annotations	SUCCESS	"['5c296182-743b-42ff-947e-180843fde95c', 2000]"	{}	None	31-03-2026 11:13	31-03-2026 11:13	31-03-2026 11:13	0.000582457	16.3233633
8da747a9-ac69-44e8-9ea2-f4a4feaa3a2e	app.api.annotation.materialise_annotations	SUCCESS	"['b5e0b42a-3eb2-417a-a1fd-d8377d8c53a4', 2000]"	{}	None	31-03-2026 11:13	31-03-2026 11:13	31-03-2026 11:13	0.000800848	16.21290994
8f9d1389-e40a-4fcc-92f0-b5c748e684f7	app.api.annotation.materialise_annotations	SUCCESS	"['d2b0b4db-6db3-44e9-8c4c-47f0d19c8468', 2000]"	{}	None	31-03-2026 11:12	31-03-2026 11:12	31-03-2026 11:13	0.000638723	16.20376682
e740c1d3-da22-41e0-a427-7256dcccb043	app.api.annotation.materialise_annotations	SUCCESS	"['5dd1f260-3c52-49fe-b10e-54b87f91146b', 2000]"	{}	None	31-03-2026 11:12	31-03-2026 11:12	31-03-2026 11:12	0.00103569	16.47940707
49096391-cc49-4ee0-bfdf-68abeb20ecdd	app.api.annotation.materialise_annotations	SUCCESS	"['22bae5a1-a7b8-4692-9305-5fd25c18f176', 2000]"	{}	None	31-03-2026 11:12	31-03-2026 11:12	31-03-2026 11:12	0.000612736	16.28629851
251abb04-0508-41d7-8c16-8e051ec104cd	app.api.annotation.materialise_annotations	SUCCESS	"['0c157192-1028-4a3c-9799-9e0f3bdcab73', 2000]"	{}	None	31-03-2026 11:12	31-03-2026 11:12	31-03-2026 11:12	0.000742674	16.40097547
b7ad3d4d-cf4c-468c-8fde-64542e520b9e	app.api.annotation.materialise_annotations	SUCCESS	"['1787e4bb-5ca2-42ef-b71a-b45fa8ec8e16', 2000]"	{}	None	31-03-2026 11:11	31-03-2026 11:11	31-03-2026 11:12	0.000584841	16.28390145
a466cfd4-0b93-42fc-89de-072ba4e46950	app.api.annotation.materialise_annotations	SUCCESS	"['8a2570be-f870-40da-9390-bdad51e82b6b', 2000]"	{}	None	31-03-2026 11:11	31-03-2026 11:11	31-03-2026 11:11	0.000801325	16.17502642
c318c853-7f34-4f5e-9619-4e05b9e0220b	app.api.annotation.materialise_annotations	SUCCESS	"['20918e3b-ec46-4dce-8f15-97526c65ed47', 2000]"	{}	None	31-03-2026 11:11	31-03-2026 11:11	31-03-2026 11:11	0.000751972	16.40521359
15d7e952-615b-447c-a354-03c4895c8e24	app.api.annotation.materialise_annotations	SUCCESS	"['eda85fac-225e-4d2d-9756-928568f621e8', 2000]"	{}	None	31-03-2026 11:10	31-03-2026 11:10	31-03-2026 11:11	0.000744104	16.15926695
cb200eb2-950c-4a2a-ac6b-b5c143a87873	app.api.annotation.materialise_annotations	SUCCESS	"['1484cc96-d7d4-44f2-97cc-bc96676a9084', 2000]"	{}	None	31-03-2026 11:10	31-03-2026 11:10	31-03-2026 11:10	0.000475645	16.08968496
7107f3e3-6ff9-4bc1-bce4-ec117be26a6c	app.api.annotation.materialise_annotations	SUCCESS	"['68391f14-10f0-4ad7-b43e-d7af8f6fcf1b', 2000]"	{}	None	31-03-2026 11:10	31-03-2026 11:10	31-03-2026 11:10	0.000718117	16.24324036
4443429e-acc2-4640-b6cf-d201f51c0622	app.api.annotation.materialise_annotations	SUCCESS	"['9698f1b7-9929-4471-9df8-943e62c44909', 1500]"	{}	None	31-03-2026 11:10	31-03-2026 11:10	31-03-2026 11:10	0.00047493	15.44427609
cfaa4953-c136-42bd-8518-535024f6d4ac	app.api.annotation.materialise_annotations	SUCCESS	"['7c7380e7-7f07-48c7-8715-c4a18882d836', 1500]"	{}	None	31-03-2026 11:09	31-03-2026 11:09	31-03-2026 11:10	0.000548124	15.33011198
bcacfa12-028a-4b54-b36b-d24a7d45c681	app.api.annotation.materialise_annotations	SUCCESS	"['c762e8c9-cd6c-4b24-8acf-392029fecdd0', 1500]"	{}	None	31-03-2026 11:09	31-03-2026 11:09	31-03-2026 11:09	0.001098394	15.50597143
a7e9f19c-3978-4ecd-9513-a755eaed8e8c	app.api.annotation.materialise_annotations	SUCCESS	"['ac582539-ea24-48a7-8727-4e5285d89434', 1500]"	{}	None	31-03-2026 11:09	31-03-2026 11:09	31-03-2026 11:09	0.000475168	15.53486991
ec35dc7f-bedd-4d6f-b566-a08cabf1fa55	app.api.annotation.materialise_annotations	SUCCESS	"['c06f8bd1-7d06-4d42-8f57-6593783801c4', 1500]"	{}	None	31-03-2026 11:09	31-03-2026 11:09	31-03-2026 11:09	0.000506639	15.36995053
059f300f-cc54-49a5-8421-55b9f9b52c3e	app.api.annotation.materialise_annotations	SUCCESS	"['d5685810-2647-486a-b7af-be43636c8218', 1500]"	{}	None	31-03-2026 11:08	31-03-2026 11:08	31-03-2026 11:09	0.000514984	15.57934499
802f7d21-b32b-4f21-b68a-53fd60dff5ee	app.api.annotation.materialise_annotations	SUCCESS	"['996ffbe1-2ea9-4120-807f-da363e8f7a83', 1500]"	{}	None	31-03-2026 11:08	31-03-2026 11:08	31-03-2026 11:08	0.000513315	15.55853224
13ade575-6309-438f-933e-d67b8fd1856c	app.api.annotation.materialise_annotations	SUCCESS	"['da9f00cf-58f1-4ee6-ae73-0d2f776cad40', 1500]"	{}	None	31-03-2026 11:08	31-03-2026 11:08	31-03-2026 11:08	0.000473499	15.50488496
3464628f-0f9a-4c93-a61e-962ff4d55a99	app.api.annotation.materialise_annotations	SUCCESS	"['39d979f5-0026-47cc-8913-cabb2b36e692', 1500]"	{}	None	31-03-2026 11:08	31-03-2026 11:08	31-03-2026 11:08	0.000578165	15.42871952
e3afbf0e-1e53-4bbc-b65e-983998e01575	app.api.annotation.materialise_annotations	SUCCESS	"['109ddd18-65b9-4310-bc3d-d8db6feb7750', 1500]"	{}	None	31-03-2026 11:07	31-03-2026 11:07	31-03-2026 11:08	0.000602722	15.41963863
0757a9a8-1fd4-44ab-ad46-969b19952c63	app.api.annotation.materialise_annotations	SUCCESS	"['9d531ba1-cff6-4234-809f-3314d410b3b8', 1500]"	{}	None	31-03-2026 11:07	31-03-2026 11:07	31-03-2026 11:07	0.000742197	15.38560629
f2f25dd8-52b9-4160-a3f6-e6882da1546c	app.api.annotation.materialise_annotations	SUCCESS	"['bcd99121-fbec-4c4a-ae78-f213f30d9557', 1500]"	{}	None	31-03-2026 11:07	31-03-2026 11:07	31-03-2026 11:07	0.000796556	15.46076441
673a16ab-4d05-4a19-b451-63c0d16e7b88	app.api.annotation.materialise_annotations	SUCCESS	"['a31e3102-c0aa-4da7-8670-ae006ecdfe05', 1500]"	{}	None	31-03-2026 11:07	31-03-2026 11:07	31-03-2026 11:07	0.000544071	15.55236387
18b90ea2-091a-47c2-943b-837176794b47	app.api.annotation.materialise_annotations	SUCCESS	"['3d2fc6a0-1821-4e5f-b509-59a7da28fd9c', 1500]"	{}	None	31-03-2026 11:06	31-03-2026 11:06	31-03-2026 11:07	0.000855923	15.3395493
bc13ffb7-4e86-49ab-8216-247abfa6631d	app.api.annotation.materialise_annotations	SUCCESS	"['1a19ab66-ab4c-4044-bdd7-1ec7e7e094e4', 1500]"	{}	None	31-03-2026 11:06	31-03-2026 11:06	31-03-2026 11:06	0.000688791	15.48292041
7a407035-2ff0-4865-b2d5-a4c56e7486a3	app.api.annotation.materialise_annotations	SUCCESS	"['de1349a9-9db0-46fe-ad7b-182d6968030f', 1000]"	{}	None	31-03-2026 11:06	31-03-2026 11:06	31-03-2026 11:06	0.000672817	14.49890375
864fb0fe-86a0-4636-9f67-9972712026e0	app.api.annotation.materialise_annotations	SUCCESS	"['9dd0e1ea-0cfd-4182-84d3-720f3c654107', 1000]"	{}	None	31-03-2026 11:06	31-03-2026 11:06	31-03-2026 11:06	0.000474691	14.51409864
5b938145-f134-4a5e-a510-ed009200e968	app.api.annotation.materialise_annotations	SUCCESS	"['ce63f105-bc59-4f3c-be9f-e216834be6a5', 1000]"	{}	None	31-03-2026 11:05	31-03-2026 11:05	31-03-2026 11:06	0.000527143	14.55618405
561225d9-fb88-4b4a-8951-88164f79ed95	app.api.annotation.materialise_annotations	SUCCESS	"['b4c2ec06-320b-4a11-943d-f3fb34c92bc8', 1000]"	{}	None	31-03-2026 11:05	31-03-2026 11:05	31-03-2026 11:05	0.000536919	14.51729369
39ade342-5e65-4bd9-bc44-97c8dfb2e040	app.api.annotation.materialise_annotations	SUCCESS	"['e527fb97-bc9a-46dd-b8ac-6dfaf13483a0', 1000]"	{}	None	31-03-2026 11:05	31-03-2026 11:05	31-03-2026 11:05	0.00072217	14.33104992
f0b98596-b541-42d5-bcff-4b7b1af6c2fe	app.api.annotation.materialise_annotations	SUCCESS	"['50ff2d12-916d-4a3a-99bb-a4b6513d0eff', 1000]"	{}	None	31-03-2026 11:05	31-03-2026 11:05	31-03-2026 11:05	0.00057888	14.47408366
1c615fc9-272d-48d7-832d-c5237be376ea	app.api.annotation.materialise_annotations	SUCCESS	"['98d0b077-42d9-4705-8a09-e0d08017d09a', 1000]"	{}	None	31-03-2026 11:04	31-03-2026 11:04	31-03-2026 11:05	0.000674486	14.59833074
44c4af36-4f99-4ba1-ad10-e08c9601449f	app.api.annotation.materialise_annotations	SUCCESS	"['c993490f-a432-4d4f-a82d-cfffd698729d', 1000]"	{}	None	31-03-2026 11:04	31-03-2026 11:04	31-03-2026 11:04	0.000579119	14.83438706
095e1dd0-4b2b-4a9d-a724-2c0d5bab9b2b	app.api.annotation.materialise_annotations	SUCCESS	"['d82aad0c-ee6b-446f-824c-52f543285a6e', 1000]"	{}	None	31-03-2026 11:04	31-03-2026 11:04	31-03-2026 11:04	0.000793219	14.5954957
6bb4462d-25f0-4834-82f2-7c6da2bbc22a	app.api.annotation.materialise_annotations	SUCCESS	"['b25f4b17-b447-4d76-a39e-2bc6046f25de', 1000]"	{}	None	31-03-2026 11:04	31-03-2026 11:04	31-03-2026 11:04	0.000507355	14.36147642
25afdf1b-a8f9-4b17-8efd-3624731f7755	app.api.annotation.materialise_annotations	SUCCESS	"['82fccd25-3a87-43df-bcad-40cf90927fc0', 1000]"	{}	None	31-03-2026 11:03	31-03-2026 11:03	31-03-2026 11:04	0.000530958	14.64629149
924275e3-b5ce-4cf3-bb23-11f3b0b97b04	app.api.annotation.materialise_annotations	SUCCESS	"['fc120abf-fe02-49c2-8702-1e7c3a341f8e', 1000]"	{}	None	31-03-2026 11:03	31-03-2026 11:03	31-03-2026 11:03	0.000647306	14.79571748
58c588c7-3afb-4f90-9df1-97e58d068e18	app.api.annotation.materialise_annotations	SUCCESS	"['0d54ac5f-830b-41fa-9a47-1c718e446bc7', 1000]"	{}	None	31-03-2026 11:03	31-03-2026 11:03	31-03-2026 11:03	0.000493765	14.64620304
5760d088-3793-462f-90b7-d0225be140c1	app.api.annotation.materialise_annotations	SUCCESS	"['9732aa4f-36fa-46f0-869f-7152b5547dba', 1000]"	{}	None	31-03-2026 11:03	31-03-2026 11:03	31-03-2026 11:03	0.000581026	14.83115482
d424a577-f2e9-4243-91b8-3c7339c852ca	app.api.annotation.materialise_annotations	SUCCESS	"['60398982-8ed1-44cb-8df4-ca6d8219c15a', 1000]"	{}	None	31-03-2026 11:02	31-03-2026 11:02	31-03-2026 11:03	0.000706434	16.34538054
908b6548-5c5b-41f5-88cf-620fe3b00a1b	app.api.annotation.materialise_annotations	SUCCESS	"['737b2ef2-8218-4b71-83aa-c185e3e6305d', 500]"	{}	None	31-03-2026 11:02	31-03-2026 11:02	31-03-2026 11:02	0.000797987	0.335804224
a5f3382b-650d-490c-add2-0b311a7e4403	app.api.annotation.materialise_annotations	SUCCESS	"['d37c57ed-95d9-405a-9cef-ef21a83467f7', 500]"	{}	None	31-03-2026 11:02	31-03-2026 11:02	31-03-2026 11:02	0.000604868	0.343974352
85d94263-32cc-4b44-9ffc-40d6559355d5	app.api.annotation.materialise_annotations	SUCCESS	"['f0a382b2-0f07-4231-9e19-cd4389968ff1', 500]"	{}	None	31-03-2026 11:02	31-03-2026 11:02	31-03-2026 11:02	0.000656605	0.343261957
9b246937-c85f-409f-aa66-efbaff77a05d	app.api.annotation.materialise_annotations	SUCCESS	"['b99d3870-d16f-4823-a62a-98c2759fb1f1', 500]"	{}	None	31-03-2026 11:02	31-03-2026 11:02	31-03-2026 11:02	0.000827312	0.326902866
8aad4f78-65d6-4ab0-8b68-35df943abb88	app.api.annotation.materialise_annotations	SUCCESS	"['139003ed-39cb-4406-bfb6-d16f370f7dc4', 500]"	{}	None	31-03-2026 11:02	31-03-2026 11:02	31-03-2026 11:02	0.000678778	0.355218649
a750986d-9ccc-422d-9174-5831c94bf369	app.api.annotation.materialise_annotations	SUCCESS	"['1f6c381d-cac6-412a-ae26-8b60a036f2ed', 500]"	{}	None	31-03-2026 11:02	31-03-2026 11:02	31-03-2026 11:02	0.000887394	0.353272438
cab38da0-4108-4464-82cf-19174ef1d2f9	app.api.annotation.materialise_annotations	SUCCESS	"['943a8ca3-ec80-414b-b3fc-997ab47edffe', 500]"	{}	None	31-03-2026 11:02	31-03-2026 11:02	31-03-2026 11:02	0.000636339	0.344766378
26f6708d-13c3-4411-9a25-e0d69c808d3d	app.api.annotation.materialise_annotations	SUCCESS	"['e8dd3169-a2ce-45e4-89b9-40e6ff3f7846', 500]"	{}	None	31-03-2026 11:02	31-03-2026 11:02	31-03-2026 11:02	0.001466513	0.335070133
bf723623-4f90-4b90-9b7d-423fee714c0f	app.api.annotation.materialise_annotations	SUCCESS	"['971aee02-530d-459b-846e-13c646da1824', 500]"	{}	None	31-03-2026 11:02	31-03-2026 11:02	31-03-2026 11:02	0.000444889	0.342886448
450544e0-d059-4721-af79-5abefe8dec67	app.api.annotation.materialise_annotations	SUCCESS	"['d9ca2e88-8927-489d-891c-317f18ec96d5', 500]"	{}	None	31-03-2026 11:02	31-03-2026 11:02	31-03-2026 11:02	0.001415491	0.342405796
8e0c28bf-cc1d-4d3f-86ef-2d441c155517	app.api.annotation.materialise_annotations	SUCCESS	"['071c4f5d-fbf3-4035-a0f4-36ecce76a85c', 500]"	{}	None	31-03-2026 11:02	31-03-2026 11:02	31-03-2026 11:02	0.000557661	0.332413197
d0d91170-8c9c-4f9b-984b-a6eadfa88c1b	app.api.annotation.materialise_annotations	SUCCESS	"['f5f74e19-10f5-4090-a632-2f58a50359b0', 500]"	{}	None	31-03-2026 11:02	31-03-2026 11:02	31-03-2026 11:02	0.000478506	0.332522392
5d606673-5092-4362-8529-7fc132de52c6	app.api.annotation.materialise_annotations	SUCCESS	"['4c8a9bbc-3211-4959-aefc-82f2caf38dbf', 500]"	{}	None	31-03-2026 11:02	31-03-2026 11:02	31-03-2026 11:02	0.000573874	0.335104942
f9ce3b2b-6347-4774-b37c-a5fc52238d24	app.api.annotation.materialise_annotations	SUCCESS	"['7a5c43fb-b221-4478-b053-411782701c0b', 500]"	{}	None	31-03-2026 11:02	31-03-2026 11:02	31-03-2026 11:02	0.000511408	0.338392735
5c65e331-8577-4d94-95ee-e8e26726845e	app.api.annotation.materialise_annotations	SUCCESS	"['7bdf3800-7bc6-47fb-81bd-116416e7ad4d', 500]"	{}	None	31-03-2026 11:02	31-03-2026 11:02	31-03-2026 11:02	0.000682116	1.226386309
f9e04b2b-36f0-454e-8883-754c35d07c70	app.api.annotation.materialise_annotations	SUCCESS	"['41310fe0-c8f3-4723-83a1-27fff75b25a0', 200]"	{}	None	31-03-2026 11:02	31-03-2026 11:02	31-03-2026 11:02	0.001491308	0.258637667
1953f861-f7fd-44e0-b878-bd50a663ade2	app.api.annotation.materialise_annotations	SUCCESS	"['f9e35e43-808d-4897-9c92-67545b5e5927', 200]"	{}	None	31-03-2026 11:02	31-03-2026 11:02	31-03-2026 11:02	0.000915051	0.254910231
b166d8cb-7527-4b7f-90e0-17e97c8c7a61	app.api.annotation.materialise_annotations	SUCCESS	"['aa98e12a-8ec2-4902-ae1c-5ac874311c39', 200]"	{}	None	31-03-2026 11:02	31-03-2026 11:02	31-03-2026 11:02	0.000762939	0.273345947
57de9892-63c3-45e0-8f08-16d5a073e064	app.api.annotation.materialise_annotations	SUCCESS	"['92fe658d-0e76-4859-a679-bade2070c7d9', 200]"	{}	None	31-03-2026 11:02	31-03-2026 11:02	31-03-2026 11:02	0.000503063	0.261156321
ba5acce4-d226-44b8-9aa2-afe77377593d	app.api.annotation.materialise_annotations	SUCCESS	"['7cef16ad-ae60-44bc-ba92-e8cd07729259', 200]"	{}	None	31-03-2026 11:02	31-03-2026 11:02	31-03-2026 11:02	0.000653267	0.274549961
4639a261-aa7f-4f21-9bac-fec9b63eede2	app.api.annotation.materialise_annotations	SUCCESS	"['a1db058b-e86a-4b4e-867c-96d94813f8e5', 200]"	{}	None	31-03-2026 11:02	31-03-2026 11:02	31-03-2026 11:02	0.000597	0.258043528
3c897821-a608-462d-811b-7e84a65f1f2e	app.api.annotation.materialise_annotations	SUCCESS	"['80a2a8b0-e845-4962-96e4-d6b447ae1d3d', 200]"	{}	None	31-03-2026 11:02	31-03-2026 11:02	31-03-2026 11:02	0.000575066	0.256762505
82e5bb8a-1ff5-452a-af6e-7eb496e76c25	app.api.annotation.materialise_annotations	SUCCESS	"['5af8cf78-2591-4beb-b54b-4db75609cd8c', 200]"	{}	None	31-03-2026 11:02	31-03-2026 11:02	31-03-2026 11:02	0.000616074	0.244046926
15bace00-7e07-4bf5-8cc0-2ae10d5fcae6	app.api.annotation.materialise_annotations	SUCCESS	"['7fbfbb66-c421-48d0-aaf6-6a27dafa852d', 200]"	{}	None	31-03-2026 11:02	31-03-2026 11:02	31-03-2026 11:02	0.000593662	0.266499519
7deae13f-0ae3-4051-981a-fb7ccbb07e80	app.api.annotation.materialise_annotations	SUCCESS	"['a7bec681-5bc8-44f4-a762-865b8651d0e1', 200]"	{}	None	31-03-2026 11:02	31-03-2026 11:02	31-03-2026 11:02	0.001126766	0.263469934
2a655d61-140f-4192-9c86-c6685a4e1872	app.api.annotation.materialise_annotations	SUCCESS	"['1d7aa5e0-e32b-49e6-ba67-6484bb841acd', 200]"	{}	None	31-03-2026 11:02	31-03-2026 11:02	31-03-2026 11:02	0.001064062	0.260746002
34e19dee-7dc3-4914-9784-f68c11d737b8	app.api.annotation.materialise_annotations	SUCCESS	"['ae95bd74-3a83-4cea-8ffd-73c741e063bc', 200]"	{}	None	31-03-2026 11:02	31-03-2026 11:02	31-03-2026 11:02	0.000549555	0.277735949
eb561cfc-d8da-4b31-b35d-a02eee1d5220	app.api.annotation.materialise_annotations	SUCCESS	"['dad40228-7d2e-49ef-9116-f97c5028da64', 200]"	{}	None	31-03-2026 11:02	31-03-2026 11:02	31-03-2026 11:02	0.002923965	0.266499519
68fa5628-a9e3-4e78-8653-8c50013a785d	app.api.annotation.materialise_annotations	SUCCESS	"['dbbfba15-d889-4684-b923-66d4bd666c25', 200]"	{}	None	31-03-2026 11:02	31-03-2026 11:02	31-03-2026 11:02	0.000511885	0.28737092
4779f005-1d55-4080-877f-b2a84c6cd8d5	app.api.annotation.materialise_annotations	SUCCESS	"['f6255190-ba05-4dfd-96ea-13a386f7345c', 200]"	{}	None	31-03-2026 11:02	31-03-2026 11:02	31-03-2026 11:02	0.000787497	0.534078598
bb3ff957-4276-4a60-b55e-31e821da4422	app.api.annotation.materialise_annotations	SUCCESS	"['90bc6275-e360-46dd-ade0-874cb81c4e2f', 100]"	{}	None	31-03-2026 11:02	31-03-2026 11:02	31-03-2026 11:02	0.000931501	0.229778767
3f1aa292-a2a4-4136-a5ec-107705f7a129	app.api.annotation.materialise_annotations	SUCCESS	"['fa5288b8-65bd-4f11-9fb1-8dfd5160f54d', 100]"	{}	None	31-03-2026 11:02	31-03-2026 11:02	31-03-2026 11:02	0.000640154	0.226580143
41228ca7-15aa-4809-9ee9-109dd60907c7	app.api.annotation.materialise_annotations	SUCCESS	"['184b46ea-62da-4c75-ac7a-5fcc4bd99c07', 100]"	{}	None	31-03-2026 11:02	31-03-2026 11:02	31-03-2026 11:02	0.00057888	0.217622042
e8d539f4-0981-4f6d-937b-f9fac9fcc67d	app.api.annotation.materialise_annotations	SUCCESS	"['c77fc6dc-b7ec-47e0-81c4-48f4e32adf2b', 100]"	{}	None	31-03-2026 11:02	31-03-2026 11:02	31-03-2026 11:02	0.000605583	0.21619606
85240b84-5af2-42b1-a294-b27eb42c3484	app.api.annotation.materialise_annotations	SUCCESS	"['09144b96-6f56-4327-b4eb-2d7acd880d81', 100]"	{}	None	31-03-2026 11:02	31-03-2026 11:02	31-03-2026 11:02	0.001105785	0.230110407
4821501d-65f6-4f63-86da-e9659cbf0d28	app.api.annotation.materialise_annotations	SUCCESS	"['9e86b03b-d791-4047-ba75-93feaa9871b3', 100]"	{}	None	31-03-2026 11:02	31-03-2026 11:02	31-03-2026 11:02	0.001013517	0.248976707
3d67fc96-330f-4c68-aba0-d41d947f31c0	app.api.annotation.materialise_annotations	SUCCESS	"['95367151-01ec-481b-93a4-cf9d7bcaf65a', 100]"	{}	None	31-03-2026 11:02	31-03-2026 11:02	31-03-2026 11:02	0.000538826	0.228560925
ea7af5df-3a1e-40e8-b1c5-aaca4f605024	app.api.annotation.materialise_annotations	SUCCESS	"['3ea9f5f5-afeb-4946-9c22-f3ab1a621513', 100]"	{}	None	31-03-2026 11:02	31-03-2026 11:02	31-03-2026 11:02	0.000581741	0.230364084
6f86c074-29e2-4d18-99b0-601fea623ac4	app.api.annotation.materialise_annotations	SUCCESS	"['ecf047cb-6695-424f-9106-219fc321a814', 100]"	{}	None	31-03-2026 11:02	31-03-2026 11:02	31-03-2026 11:02	0.00067234	0.221827745
9a97eba4-cb1f-43e0-9815-14ca732ed03b	app.api.annotation.materialise_annotations	SUCCESS	"['8ea44ee9-641c-4263-8083-a4806f6b7857', 100]"	{}	None	31-03-2026 11:02	31-03-2026 11:02	31-03-2026 11:02	0.000561476	0.214013338
a2dd996d-a352-481a-8106-f3f4d3250158	app.api.annotation.materialise_annotations	SUCCESS	"['6fe31abd-f456-4359-88fc-cf4f594fcc70', 100]"	{}	None	31-03-2026 11:02	31-03-2026 11:02	31-03-2026 11:02	0.000537634	0.221841097
cf369579-67bb-4fe2-b0c3-ae60b1b28654	app.api.annotation.materialise_annotations	SUCCESS	"['8fd0fcba-2bc2-48db-8c19-9f5390544753', 100]"	{}	None	31-03-2026 11:02	31-03-2026 11:02	31-03-2026 11:02	0.001041174	0.227902889
be27dcf8-7379-4f19-830f-c32a9d30c201	app.api.annotation.materialise_annotations	SUCCESS	"['ade9c633-06ce-4623-818d-b80bffa4fce0', 100]"	{}	None	31-03-2026 11:02	31-03-2026 11:02	31-03-2026 11:02	0.000533104	0.22332406
d1e6ce1c-5cab-4f26-b921-d164d8d27b39	app.api.annotation.materialise_annotations	SUCCESS	"['d6f12eec-6339-4158-9403-9e3bbfbce8ef', 100]"	{}	None	31-03-2026 11:02	31-03-2026 11:02	31-03-2026 11:02	0.00071454	0.279359341
b9c94b0a-531d-494d-a0f3-86447cf9f6b0	app.api.annotation.materialise_annotations	SUCCESS	"['fc620d80-362b-4ef9-b66e-4b1173a4c8fa', 100]"	{}	None	31-03-2026 11:02	31-03-2026 11:02	31-03-2026 11:02	0.000604868	0.427909613
